id,name,venue_name,date,price,user_id,approved,created_at
"945","Seattle Thrift Store - a live tribute to Grunge","Beat Generator","Fri Nov 20 2026 19:00:00 GMT+0000 (Greenwich Mean Time)","£16.50","scraper_skiddle","true","Fri Dec 19 2025 07:41:53 GMT+0000 (Greenwich Mean Time)"
"980","Echoes Of The Bunneymen","The Voodoo Rooms","Sat Nov 14 2026 19:15:00 GMT+0000 (Greenwich Mean Time)","Free","scraper_skiddle","true","Sat Dec 20 2025 23:01:47 GMT+0000 (Greenwich Mean Time)"
"920","BrettFest 2026","The Tunnels","Sat Oct 10 2026 13:00:00 GMT+0100 (British Summer Time)","£10.00","scraper_skiddle","true","Fri Dec 19 2025 07:41:50 GMT+0000 (Greenwich Mean Time)"
"952","The Vintage Explosion","The Alhambra Theatre","Sat Sep 12 2026 19:00:00 GMT+0100 (British Summer Time)","£29.50","scraper_skiddle","true","Fri Dec 19 2025 07:42:00 GMT+0000 (Greenwich Mean Time)"
"919","John Bramwell (I Am Kloot)","The Tunnels","Thu Sep 03 2026 19:00:00 GMT+0100 (British Summer Time)","£25.00","scraper_skiddle","true","Fri Dec 19 2025 07:41:50 GMT+0000 (Greenwich Mean Time)"
"944","Music is the Answer Presents Summer Days 2026","Mains Castle Dundee","Sat Aug 29 2026 16:00:00 GMT+0100 (British Summer Time)","£10.00","scraper_skiddle","true","Fri Dec 19 2025 07:41:53 GMT+0000 (Greenwich Mean Time)"
"950","DIxBLO @UPSTAIRS INVERNESS","Upstairs Inverness","Fri Aug 14 2026 19:00:00 GMT+0100 (British Summer Time)","£6.50","scraper_skiddle","true","Fri Dec 19 2025 07:41:54 GMT+0000 (Greenwich Mean Time)"
"1110","Restricted Code - Crail Festival","Crail Community Hall","Tue Jul 28 2026 20:00:00 GMT+0100 (British Summer Time)","£18.81","scraper_skiddle","false","Fri Jan 02 2026 22:35:06 GMT+0000 (Greenwich Mean Time)"
"943","Discovery Festival Presents Five, Sophie Ellis-Bextor and more!","Dundee Slessor Gardens","Sun Jul 26 2026 12:00:00 GMT+0100 (British Summer Time)","£53.50","scraper_skiddle","true","Fri Dec 19 2025 07:41:53 GMT+0000 (Greenwich Mean Time)"
"942","80s Calling! Dundee w/ Tony Hadley, Marc Almond, Level 42 & more","Dundee Slessor Gardens","Sat Jul 25 2026 12:00:00 GMT+0100 (British Summer Time)","£53.50","scraper_skiddle","true","Fri Dec 19 2025 07:41:52 GMT+0000 (Greenwich Mean Time)"
"941","The Libertines, Lottery Winners and Reverend & The Makers","Dundee Slessor Gardens","Fri Jul 24 2026 16:00:00 GMT+0100 (British Summer Time)","£53.50","scraper_skiddle","true","Fri Dec 19 2025 07:41:52 GMT+0000 (Greenwich Mean Time)"
"949","The Vintage Explosion","Forres Town Hall","Sat Jul 11 2026 19:00:00 GMT+0100 (British Summer Time)","£32.50","scraper_skiddle","true","Fri Dec 19 2025 07:41:54 GMT+0000 (Greenwich Mean Time)"
"940","The Vintage Explosion","Cupar Corn Exchange","Fri Jul 10 2026 19:00:00 GMT+0100 (British Summer Time)","£35.00","scraper_skiddle","true","Fri Dec 19 2025 07:41:52 GMT+0000 (Greenwich Mean Time)"
"1033","Chopin & Champagne by Candlelight","St Mary's Cathedral","Sat Jun 20 2026 19:30:00 GMT+0100 (British Summer Time)","Free","scraper_skiddle","false","Fri Jan 02 2026 22:34:50 GMT+0000 (Greenwich Mean Time)"
"1032","The Beethoven Sonatas","St Giles Cathedral","Mon Jun 15 2026 18:30:00 GMT+0100 (British Summer Time)","Free","scraper_skiddle","false","Fri Jan 02 2026 22:34:49 GMT+0000 (Greenwich Mean Time)"
"1031","Royal Mile International Piano Series- The Beethoven Sonatas","St Giles Cathedral","Mon Jun 08 2026 18:30:00 GMT+0100 (British Summer Time)","Free","scraper_skiddle","false","Fri Jan 02 2026 22:34:49 GMT+0000 (Greenwich Mean Time)"
"1030","The Year Grunge Broke","La Belle Angele","Sat Jun 06 2026 19:00:00 GMT+0100 (British Summer Time)","Free","scraper_skiddle","false","Fri Jan 02 2026 22:34:49 GMT+0000 (Greenwich Mean Time)"
"1029","The Beethoven Sonatas","St Giles Cathedral","Sat Jun 06 2026 18:30:00 GMT+0100 (British Summer Time)","Free","scraper_skiddle","false","Fri Jan 02 2026 22:34:49 GMT+0000 (Greenwich Mean Time)"
"939","The Style Councillors","Music Hall Dundee","Fri Jun 05 2026 19:00:00 GMT+0100 (British Summer Time)","£22.50","scraper_skiddle","true","Fri Dec 19 2025 07:41:52 GMT+0000 (Greenwich Mean Time)"
"1028","Ant-Trouble: Adam And The Ants Tribute","The Bongo Club","Fri Jun 05 2026 19:00:00 GMT+0100 (British Summer Time)","Free","scraper_skiddle","false","Fri Jan 02 2026 22:34:49 GMT+0000 (Greenwich Mean Time)"
"1027","The Beethoven Sonatas","St Giles Cathedral","Mon Jun 01 2026 18:30:00 GMT+0100 (British Summer Time)","Free","scraper_skiddle","false","Fri Jan 02 2026 22:34:49 GMT+0000 (Greenwich Mean Time)"
"1026","Vivaldi Four Seasons by Candlelight","St Giles Cathedral","Sat May 30 2026 20:00:00 GMT+0100 (British Summer Time)","Free","scraper_skiddle","false","Fri Jan 02 2026 22:34:48 GMT+0000 (Greenwich Mean Time)"
"1025","Smoove & Turrell - The Singles Tour","The Voodoo Rooms","Sat May 30 2026 19:30:00 GMT+0100 (British Summer Time)","Free","scraper_skiddle","false","Fri Jan 02 2026 22:34:48 GMT+0000 (Greenwich Mean Time)"
"1024","Debussy by Candlelight","St Giles Cathedral","Sat May 30 2026 18:15:00 GMT+0100 (British Summer Time)","Free","scraper_skiddle","false","Fri Jan 02 2026 22:34:48 GMT+0000 (Greenwich Mean Time)"
"1023","Grieg Piano Concerto by Candlelight","St Giles Cathedral","Fri May 29 2026 20:00:00 GMT+0100 (British Summer Time)","Free","scraper_skiddle","false","Fri Jan 02 2026 22:34:48 GMT+0000 (Greenwich Mean Time)"
"1022","Moonlight Sonata by Candlelight","St Giles Cathedral","Fri May 29 2026 18:15:00 GMT+0100 (British Summer Time)","Free","scraper_skiddle","false","Fri Jan 02 2026 22:34:48 GMT+0000 (Greenwich Mean Time)"
"1021","Chopin & Champagne by Candlelight","St Mary's Cathedral","Sat May 23 2026 19:30:00 GMT+0100 (British Summer Time)","Free","scraper_skiddle","false","Fri Jan 02 2026 22:34:48 GMT+0000 (Greenwich Mean Time)"
"1113","The Complete Stone Roses & Definitely Oasis - Airdrie Town Hall","Airdrie Town Hall","Sat May 23 2026 18:00:00 GMT+0100 (British Summer Time)","Free","scraper_skiddle","false","Fri Jan 02 2026 22:35:07 GMT+0000 (Greenwich Mean Time)"
"918","Dallahan","The Blue Lamp","Fri May 22 2026 19:30:00 GMT+0100 (British Summer Time)","£17.00","scraper_skiddle","true","Fri Dec 19 2025 07:41:50 GMT+0000 (Greenwich Mean Time)"
"975","Edinburgh Royal Mile Chamber Music Series","St Giles Cathedral","Mon May 18 2026 18:30:00 GMT+0100 (British Summer Time)","Free","scraper_skiddle","true","Sat Dec 20 2025 22:37:22 GMT+0000 (Greenwich Mean Time)"
"974","Toots and the Maytals","The Queen's Hall","Sun May 17 2026 19:00:00 GMT+0100 (British Summer Time)","Free","scraper_skiddle","true","Sat Dec 20 2025 22:37:22 GMT+0000 (Greenwich Mean Time)"
"917","James Grant","The Lemon Tree","Sat May 16 2026 20:00:00 GMT+0100 (British Summer Time)","£22.00","scraper_skiddle","true","Fri Dec 19 2025 07:41:50 GMT+0000 (Greenwich Mean Time)"
"977","Mowtown Brothers - Soul and Mowtown","Dalkeith Miners Club","Sat May 16 2026 19:00:00 GMT+0100 (British Summer Time)","Free","scraper_skiddle","true","Sat Dec 20 2025 22:37:22 GMT+0000 (Greenwich Mean Time)"
"976","70's Vs 80's Day Disco LIVE!","The Liquid Room","Sat May 16 2026 14:30:00 GMT+0100 (British Summer Time)","Free","scraper_skiddle","true","Sat Dec 20 2025 22:37:22 GMT+0000 (Greenwich Mean Time)"
"960","Royal Mile Chamber Music Series- The Beethoven Sonatas","St Giles Cathedral","Mon May 11 2026 18:30:00 GMT+0100 (British Summer Time)","Free","scraper_skiddle","true","Fri Dec 19 2025 07:42:25 GMT+0000 (Greenwich Mean Time)"
"959","GirlyPop Live 2 | Corn Exchange, Edinburgh","Edinburgh Corn Exchange","Sun May 10 2026 12:00:00 GMT+0100 (British Summer Time)","Free","scraper_skiddle","true","Fri Dec 19 2025 07:42:25 GMT+0000 (Greenwich Mean Time)"
"958","The Beethoven Sonatas","St Giles Cathedral","Mon May 04 2026 18:30:00 GMT+0100 (British Summer Time)","Free","scraper_skiddle","true","Fri Dec 19 2025 07:42:25 GMT+0000 (Greenwich Mean Time)"
"957","Eleventh Hour and Hellbound (tributes to LoG and Pantera)","Bannermans Edinburgh","Sun May 03 2026 19:00:00 GMT+0100 (British Summer Time)","Free","scraper_skiddle","true","Fri Dec 19 2025 07:42:25 GMT+0000 (Greenwich Mean Time)"
"1112","The Complete Stone Roses & OCS - Ocean Colour Scene Tribute","Charlies Loft ","Sat May 02 2026 19:30:00 GMT+0100 (British Summer Time)","Free","scraper_skiddle","false","Fri Jan 02 2026 22:35:07 GMT+0000 (Greenwich Mean Time)"
"992","Dead beat at dawn","Banshee's Labyrinth","Sat May 02 2026 19:00:00 GMT+0100 (British Summer Time)","Free","scraper_skiddle","true","Sat Dec 20 2025 23:17:45 GMT+0000 (Greenwich Mean Time)"
"956","Dead beat at dawn","Banshee's Labyrinth","Sat May 02 2026 19:00:00 GMT+0100 (British Summer Time)","Free","scraper_skiddle","true","Fri Dec 19 2025 07:42:25 GMT+0000 (Greenwich Mean Time)"
"1020","Dead beat at dawn","The Banshee Labyrinth","Sat May 02 2026 19:00:00 GMT+0100 (British Summer Time)","Free","scraper_skiddle","false","Fri Jan 02 2026 22:34:47 GMT+0000 (Greenwich Mean Time)"
"955","The Beethoven Sonatas","St Giles Cathedral","Mon Apr 27 2026 18:30:00 GMT+0100 (British Summer Time)","Free","scraper_skiddle","true","Fri Dec 19 2025 07:42:25 GMT+0000 (Greenwich Mean Time)"
"938","CLASSIC CLAPTON unplugged","Backstage At The Green Hotel","Sat Apr 25 2026 20:00:00 GMT+0100 (British Summer Time)","£18.00","scraper_skiddle","true","Fri Dec 19 2025 07:41:52 GMT+0000 (Greenwich Mean Time)"
"954","Mozart Concertos by Candlelight","St Giles Cathedral","Sat Apr 25 2026 20:00:00 GMT+0100 (British Summer Time)","Free","scraper_skiddle","true","Fri Dec 19 2025 07:42:25 GMT+0000 (Greenwich Mean Time)"
"916","Wrest","The Lemon Tree","Sat Apr 25 2026 19:30:00 GMT+0100 (British Summer Time)","£18.00","scraper_skiddle","true","Fri Dec 19 2025 07:41:50 GMT+0000 (Greenwich Mean Time)"
"953","CHCR presents DWILLZ","Dalkeith Miners Club","Sat Apr 25 2026 19:00:00 GMT+0100 (British Summer Time)","Free","scraper_skiddle","true","Fri Dec 19 2025 07:42:25 GMT+0000 (Greenwich Mean Time)"
"801","Moonlight Sonata by Candlelight","St Giles Cathedral","Sat Apr 25 2026 18:15:00 GMT+0100 (British Summer Time)","£15.00","scraper_skiddle","true","Fri Dec 19 2025 07:41:40 GMT+0000 (Greenwich Mean Time)"
"937","K-Pop Live | Live House, Dundee","Live House Dundee","Sat Apr 25 2026 10:30:00 GMT+0100 (British Summer Time)","£18.00","scraper_skiddle","true","Fri Dec 19 2025 07:41:52 GMT+0000 (Greenwich Mean Time)"
"1109","K-Pop Live | Live House, Dundee | TICKETS SELLING FAST!!!","Live House Dundee","Sat Apr 25 2026 10:30:00 GMT+0100 (British Summer Time)","Free","scraper_skiddle","false","Fri Jan 02 2026 22:35:05 GMT+0000 (Greenwich Mean Time)"
"915","Fright Years","Drummonds, Aberdeen","Fri Apr 24 2026 20:00:00 GMT+0100 (British Summer Time)","£13.00","scraper_skiddle","true","Fri Dec 19 2025 07:41:50 GMT+0000 (Greenwich Mean Time)"
"800","Vivaldi Four Seasons by Candlelight","St Giles Cathedral","Fri Apr 24 2026 20:00:00 GMT+0100 (British Summer Time)","£15.00","scraper_skiddle","true","Fri Dec 19 2025 07:41:40 GMT+0000 (Greenwich Mean Time)"
"914","Eabhal","The Tunnels","Fri Apr 24 2026 19:00:00 GMT+0100 (British Summer Time)","£17.00","scraper_skiddle","true","Fri Dec 19 2025 07:41:50 GMT+0000 (Greenwich Mean Time)"
"1104","Eabhal","Tunnels Aberdeen","Fri Apr 24 2026 19:00:00 GMT+0100 (British Summer Time)","Free","scraper_skiddle","false","Fri Jan 02 2026 22:35:03 GMT+0000 (Greenwich Mean Time)"
"799","The Cases - Edinburgh","Sneaky Pete's","Fri Apr 24 2026 19:00:00 GMT+0100 (British Summer Time)","£10.00","scraper_skiddle","true","Fri Dec 19 2025 07:41:40 GMT+0000 (Greenwich Mean Time)"
"991","The Cases - Edinburgh","Sneaky Pete's","Fri Apr 24 2026 19:00:00 GMT+0100 (British Summer Time)","Free","scraper_skiddle","true","Sat Dec 20 2025 23:17:45 GMT+0000 (Greenwich Mean Time)"
"798","Rhapsody in Blue by Candlelight","St Giles Cathedral","Fri Apr 24 2026 18:15:00 GMT+0100 (British Summer Time)","£15.00","scraper_skiddle","true","Fri Dec 19 2025 07:41:40 GMT+0000 (Greenwich Mean Time)"
"797","Andy McKee","The Caves","Tue Apr 21 2026 19:00:00 GMT+0100 (British Summer Time)","£24.50","scraper_skiddle","true","Fri Dec 19 2025 07:41:40 GMT+0000 (Greenwich Mean Time)"
"796","Edinburgh Royal Mile Chamber Music Series","St Giles Cathedral","Mon Apr 20 2026 18:30:00 GMT+0100 (British Summer Time)","£15.00","scraper_skiddle","true","Fri Dec 19 2025 07:41:40 GMT+0000 (Greenwich Mean Time)"
"795","Royal Mile International Piano Series- The Beethoven Sonatas","St Giles Cathedral","Mon Apr 13 2026 18:30:00 GMT+0100 (British Summer Time)","£15.00","scraper_skiddle","true","Fri Dec 19 2025 07:41:40 GMT+0000 (Greenwich Mean Time)"
"990","Not Now Norman, Beau Anderson, and Lovestruck in Edinburgh","Banshee's Labyrinth","Sun Apr 12 2026 18:30:00 GMT+0100 (British Summer Time)","Free","scraper_skiddle","true","Sat Dec 20 2025 23:17:45 GMT+0000 (Greenwich Mean Time)"
"1019","Not Now Norman, Beau Anderson, and Lovestruck in Edinburgh","The Banshee Labyrinth","Sun Apr 12 2026 18:30:00 GMT+0100 (British Summer Time)","Free","scraper_skiddle","false","Fri Jan 02 2026 22:34:46 GMT+0000 (Greenwich Mean Time)"
"794","Not Now Norman, Beau Anderson, and Lovestruck in Edinburgh","Banshee's Labyrinth","Sun Apr 12 2026 18:30:00 GMT+0100 (British Summer Time)","£10.00","scraper_skiddle","true","Fri Dec 19 2025 07:41:40 GMT+0000 (Greenwich Mean Time)"
"793","Buzzkill, House 51 and Tantra Live at McQ's","McQ's @ Coadys","Sat Apr 11 2026 19:00:00 GMT+0100 (British Summer Time)","£6.00","scraper_skiddle","true","Fri Dec 19 2025 07:41:40 GMT+0000 (Greenwich Mean Time)"
"913","Luke Combs UK tribute in ABERDEEN","Aberdeen Beach Ballroom","Fri Apr 10 2026 19:00:00 GMT+0100 (British Summer Time)","£24.00","scraper_skiddle","true","Fri Dec 19 2025 07:41:50 GMT+0000 (Greenwich Mean Time)"
"936","Midland Railway with special guests!","The Mash House","Fri Apr 10 2026 18:45:00 GMT+0100 (British Summer Time)","£9.00","scraper_skiddle","true","Fri Dec 19 2025 07:41:52 GMT+0000 (Greenwich Mean Time)"
"1108","Midland Railway with special guests!","Upstairs At The Mash House ","Fri Apr 10 2026 18:45:00 GMT+0100 (British Summer Time)","Free","scraper_skiddle","false","Fri Jan 02 2026 22:35:05 GMT+0000 (Greenwich Mean Time)"
"792","The Beethoven Sonatas","St Giles Cathedral","Mon Apr 06 2026 18:30:00 GMT+0100 (British Summer Time)","£15.00","scraper_skiddle","true","Fri Dec 19 2025 07:41:40 GMT+0000 (Greenwich Mean Time)"
"912","The Cinelli Brothers","The Tunnels","Sun Apr 05 2026 19:30:00 GMT+0100 (British Summer Time)","£20.00","scraper_skiddle","true","Fri Dec 19 2025 07:41:49 GMT+0000 (Greenwich Mean Time)"
"1103","The Cinelli Brothers","Tunnels Aberdeen","Sun Apr 05 2026 19:30:00 GMT+0100 (British Summer Time)","Free","scraper_skiddle","false","Fri Jan 02 2026 22:35:03 GMT+0000 (Greenwich Mean Time)"
"911","Vida","The Tunnels","Sat Apr 04 2026 19:00:00 GMT+0100 (British Summer Time)","£15.00","scraper_skiddle","true","Fri Dec 19 2025 07:41:49 GMT+0000 (Greenwich Mean Time)"
"1102","Vida","Tunnels Aberdeen","Sat Apr 04 2026 19:00:00 GMT+0100 (British Summer Time)","Free","scraper_skiddle","false","Fri Jan 02 2026 22:35:03 GMT+0000 (Greenwich Mean Time)"
"791","Cherry West - Drag Show","Dalkeith Miners Club","Sat Apr 04 2026 15:00:00 GMT+0100 (British Summer Time)","£6.00","scraper_skiddle","true","Fri Dec 19 2025 07:41:40 GMT+0000 (Greenwich Mean Time)"
"989","Roni Size x LTJ Bukem","The Liquid Room","Fri Apr 03 2026 22:30:00 GMT+0100 (British Summer Time)","Free","scraper_skiddle","true","Sat Dec 20 2025 23:17:44 GMT+0000 (Greenwich Mean Time)"
"790","Roni Size x LTJ Bukem","The Liquid Room","Fri Apr 03 2026 22:30:00 GMT+0100 (British Summer Time)","£25.00","scraper_skiddle","true","Fri Dec 19 2025 07:41:40 GMT+0000 (Greenwich Mean Time)"
"1018","Roni Size x LTJ Bukem","Liquid Room Warehouse","Fri Apr 03 2026 22:30:00 GMT+0100 (British Summer Time)","Free","scraper_skiddle","false","Fri Jan 02 2026 22:34:46 GMT+0000 (Greenwich Mean Time)"
"948","Desperados - Eagles Tribute","Forres Town Hall","Fri Apr 03 2026 19:00:00 GMT+0100 (British Summer Time)","£20.00","scraper_skiddle","true","Fri Dec 19 2025 07:41:54 GMT+0000 (Greenwich Mean Time)"
"789","Vivaldi Four Seasons by Candlelight","St Giles Cathedral","Sat Mar 28 2026 20:00:00 GMT+0000 (Greenwich Mean Time)","£15.00","scraper_skiddle","true","Fri Dec 19 2025 07:41:40 GMT+0000 (Greenwich Mean Time)"
"788","Across The Universe","Alloa Town Hall","Sat Mar 28 2026 19:00:00 GMT+0000 (Greenwich Mean Time)","£30.00","scraper_skiddle","true","Fri Dec 19 2025 07:41:40 GMT+0000 (Greenwich Mean Time)"
"910","Bruce Foxton","The Lemon Tree","Sat Mar 28 2026 19:00:00 GMT+0000 (Greenwich Mean Time)","£32.50","scraper_skiddle","true","Fri Dec 19 2025 07:41:49 GMT+0000 (Greenwich Mean Time)"
"787","Chopin by Candlelight","St Giles Cathedral","Sat Mar 28 2026 18:15:00 GMT+0000 (Greenwich Mean Time)","£15.00","scraper_skiddle","true","Fri Dec 19 2025 07:41:40 GMT+0000 (Greenwich Mean Time)"
"786","Rachmaninov Piano Concerto No. 2 by Candlelight","St Giles Cathedral","Fri Mar 27 2026 20:00:00 GMT+0000 (Greenwich Mean Time)","£15.00","scraper_skiddle","true","Fri Dec 19 2025 07:41:40 GMT+0000 (Greenwich Mean Time)"
"785","Chasing Dolls with special guests!","The Mash House","Fri Mar 27 2026 18:45:00 GMT+0000 (Greenwich Mean Time)","£9.00","scraper_skiddle","true","Fri Dec 19 2025 07:41:39 GMT+0000 (Greenwich Mean Time)"
"784","Moonlight Sonata by Candlelight","St Giles Cathedral","Fri Mar 27 2026 18:15:00 GMT+0000 (Greenwich Mean Time)","£15.00","scraper_skiddle","true","Fri Dec 19 2025 07:41:39 GMT+0000 (Greenwich Mean Time)"
"935","The Specials Ltd. 'Ghost Town' 45th Anniversary","Music Hall Dundee","Thu Mar 26 2026 19:00:00 GMT+0000 (Greenwich Mean Time)","£20.00","scraper_skiddle","true","Fri Dec 19 2025 07:41:52 GMT+0000 (Greenwich Mean Time)"
"783","Nirvanher (Female Fronted Nirvana Tribute)-Bannermans, Edinburgh","Banshee's Labyrinth","Sun Mar 22 2026 14:30:00 GMT+0000 (Greenwich Mean Time)","£15.00","scraper_skiddle","true","Fri Dec 19 2025 07:41:39 GMT+0000 (Greenwich Mean Time)"
"971","Nirvanher (Female Fronted Nirvana Tribute)-Bannermans, Edinburgh","Bannermans Edinburgh","Sun Mar 22 2026 14:30:00 GMT+0000 (Greenwich Mean Time)","Free","scraper_skiddle","true","Fri Dec 19 2025 21:41:53 GMT+0000 (Greenwich Mean Time)"
"1017","Nirvanher (Female Fronted Nirvana Tribute)-Bannermans, Edinburgh","Bannerman's Bar","Sun Mar 22 2026 14:30:00 GMT+0000 (Greenwich Mean Time)","Free","scraper_skiddle","false","Fri Jan 02 2026 22:34:45 GMT+0000 (Greenwich Mean Time)"
"988","Nirvanher (Female Fronted Nirvana Tribute)-Bannermans, Edinburgh","Bannermans Edinburgh","Sun Mar 22 2026 14:30:00 GMT+0000 (Greenwich Mean Time)","Free","scraper_skiddle","true","Sat Dec 20 2025 23:17:44 GMT+0000 (Greenwich Mean Time)"
"782","A Taste Of Hot Chocolate","CISWO, Glenrothes","Sun Mar 22 2026 14:00:00 GMT+0000 (Greenwich Mean Time)","£15.00","scraper_skiddle","true","Fri Dec 19 2025 07:41:39 GMT+0000 (Greenwich Mean Time)"
"781","Brother Sea at the Arcadia Music Cafe","Arcadia Music Cafe","Sat Mar 21 2026 19:30:00 GMT+0000 (Greenwich Mean Time)","£15.00","scraper_skiddle","true","Fri Dec 19 2025 07:41:39 GMT+0000 (Greenwich Mean Time)"
"780","Chopin & Champagne by Candlelight","St Mary's Cathedral","Sat Mar 21 2026 19:30:00 GMT+0000 (Greenwich Mean Time)","£20.00","scraper_skiddle","true","Fri Dec 19 2025 07:41:39 GMT+0000 (Greenwich Mean Time)"
"779","Romeopathy with special guests!","The Mash House","Sat Mar 21 2026 19:00:00 GMT+0000 (Greenwich Mean Time)","£9.00","scraper_skiddle","true","Fri Dec 19 2025 07:41:39 GMT+0000 (Greenwich Mean Time)"
"778","The Beethoven Sonatas","St Giles Cathedral","Mon Mar 16 2026 18:30:00 GMT+0000 (Greenwich Mean Time)","£15.00","scraper_skiddle","true","Fri Dec 19 2025 07:41:39 GMT+0000 (Greenwich Mean Time)"
"951","The Scottish Pink Floyd","Church Of The Holy Rude Stirling","Sat Mar 14 2026 19:30:00 GMT+0000 (Greenwich Mean Time)","£22.50","scraper_skiddle","true","Fri Dec 19 2025 07:41:59 GMT+0000 (Greenwich Mean Time)"
"1111","JJ Gilmour Live at Charlies Loft Milngavie","Charlies Loft ","Sat Mar 14 2026 19:30:00 GMT+0000 (Greenwich Mean Time)","Free","scraper_skiddle","false","Fri Jan 02 2026 22:35:07 GMT+0000 (Greenwich Mean Time)"
"776","The Complete Stone Roses","Plough Hotel","Sat Mar 14 2026 19:00:00 GMT+0000 (Greenwich Mean Time)","Free","scraper_skiddle","true","Fri Dec 19 2025 07:41:39 GMT+0000 (Greenwich Mean Time)"
"777","The Fillers - Killers Tribute","Dalkeith Miners Club","Sat Mar 14 2026 19:00:00 GMT+0000 (Greenwich Mean Time)","£8.00","scraper_skiddle","true","Fri Dec 19 2025 07:41:39 GMT+0000 (Greenwich Mean Time)"
"775","Permacrisis Echoes of Departure Single Release Show","McQ's @ Coadys","Sat Mar 14 2026 18:30:00 GMT+0000 (Greenwich Mean Time)","£8.00","scraper_skiddle","true","Fri Dec 19 2025 07:41:39 GMT+0000 (Greenwich Mean Time)"
"774","The Beethoven Sonatas","St Giles Cathedral","Mon Mar 09 2026 18:30:00 GMT+0000 (Greenwich Mean Time)","£15.00","scraper_skiddle","true","Fri Dec 19 2025 07:41:39 GMT+0000 (Greenwich Mean Time)"
"934","DDE Presents ... Van Damn","Canvas, Dundee","Sat Mar 07 2026 20:00:00 GMT+0000 (Greenwich Mean Time)","£8.00","scraper_skiddle","true","Fri Dec 19 2025 07:41:52 GMT+0000 (Greenwich Mean Time)"
"993","the screamin' kick - album launch + The bad moods + the second world war","Leith Depot","Sat Mar 07 2026 19:00:00 GMT+0000 (Greenwich Mean Time)","£10.00","user_377unFgElESPkgwUjcSLxSEm3F6","true","Sat Dec 20 2025 23:40:15 GMT+0000 (Greenwich Mean Time)"
"909","The Marches","Drummonds, Aberdeen","Fri Mar 06 2026 20:00:00 GMT+0000 (Greenwich Mean Time)","£10.00","scraper_skiddle","true","Fri Dec 19 2025 07:41:49 GMT+0000 (Greenwich Mean Time)"
"773","Nirvana Tribute Live Edinburgh 6 March 2026","Leith Depot","Fri Mar 06 2026 19:30:00 GMT+0000 (Greenwich Mean Time)","£16.00","scraper_skiddle","true","Fri Dec 19 2025 07:41:39 GMT+0000 (Greenwich Mean Time)"
"970","Nirvana Tribute Live Edinburgh 6 March 2026","La Belle Angele","Fri Mar 06 2026 19:30:00 GMT+0000 (Greenwich Mean Time)","Free","scraper_skiddle","true","Fri Dec 19 2025 21:41:53 GMT+0000 (Greenwich Mean Time)"
"933","Nirvana Tribute Live Dundee 5 March 2026","Beat Generator","Thu Mar 05 2026 19:30:00 GMT+0000 (Greenwich Mean Time)","£16.00","scraper_skiddle","true","Fri Dec 19 2025 07:41:52 GMT+0000 (Greenwich Mean Time)"
"1107","Nirvana Tribute Live Dundee 5 March 2026","Beat Generator Dundee","Thu Mar 05 2026 19:30:00 GMT+0000 (Greenwich Mean Time)","Free","scraper_skiddle","false","Fri Jan 02 2026 22:35:05 GMT+0000 (Greenwich Mean Time)"
"772","Royal Mile Chamber Music Series- The Beethoven Sonatas","St Giles Cathedral","Mon Mar 02 2026 18:30:00 GMT+0000 (Greenwich Mean Time)","£15.00","scraper_skiddle","true","Fri Dec 19 2025 07:41:39 GMT+0000 (Greenwich Mean Time)"
"932","Chop Suey + Slip-not! Ultimate Metal tributes Uk tour Dundee","Beat Generator","Sun Mar 01 2026 19:00:00 GMT+0000 (Greenwich Mean Time)","£15.00","scraper_skiddle","true","Fri Dec 19 2025 07:41:52 GMT+0000 (Greenwich Mean Time)"
"771","K-POP Live | Corn Exchange, Edinburgh | SOLD OUT!!!","Edinburgh Corn Exchange","Sun Mar 01 2026 11:00:00 GMT+0000 (Greenwich Mean Time)","£27.00","scraper_skiddle","true","Fri Dec 19 2025 07:41:39 GMT+0000 (Greenwich Mean Time)"
"908","Total Rex - T.rex Tribute","OGV Podium","Sat Feb 28 2026 19:30:00 GMT+0000 (Greenwich Mean Time)","£15.00","scraper_skiddle","true","Fri Dec 19 2025 07:41:49 GMT+0000 (Greenwich Mean Time)"
"1099","Pedalo - Single Launch","1990","Sat Feb 28 2026 19:30:00 GMT+0000 (Greenwich Mean Time)","Free","scraper_skiddle","false","Fri Jan 02 2026 22:35:02 GMT+0000 (Greenwich Mean Time)"
"1098","SSM Showcase 01; Deltamanic + Sovirez + Salt River Shakedown","Room 2","Sat Feb 28 2026 19:00:00 GMT+0000 (Greenwich Mean Time)","Free","scraper_skiddle","false","Fri Jan 02 2026 22:35:02 GMT+0000 (Greenwich Mean Time)"
"769","No Gallaghers' High Flying Birds","The Hive, Edinburgh","Sat Feb 28 2026 19:00:00 GMT+0000 (Greenwich Mean Time)","£12.00","scraper_skiddle","true","Fri Dec 19 2025 07:41:39 GMT+0000 (Greenwich Mean Time)"
"987","Arienas - Edinburgh","Sneaky Pete's","Sat Feb 28 2026 19:00:00 GMT+0000 (Greenwich Mean Time)","Free","scraper_skiddle","true","Sat Dec 20 2025 23:17:44 GMT+0000 (Greenwich Mean Time)"
"770","Arienas - Edinburgh","Sneaky Pete's","Sat Feb 28 2026 19:00:00 GMT+0000 (Greenwich Mean Time)","£10.00","scraper_skiddle","true","Fri Dec 19 2025 07:41:39 GMT+0000 (Greenwich Mean Time)"
"1097","Main St Records Show","Lucky Strike Glasgow","Sat Feb 28 2026 18:30:00 GMT+0000 (Greenwich Mean Time)","Free","scraper_skiddle","false","Fri Jan 02 2026 22:35:02 GMT+0000 (Greenwich Mean Time)"
"768","Rare Breed with special guests!","The Mash House","Sat Feb 28 2026 18:30:00 GMT+0000 (Greenwich Mean Time)","£9.00","scraper_skiddle","true","Fri Dec 19 2025 07:41:39 GMT+0000 (Greenwich Mean Time)"
"907","Chop Suey + Slip-not! Ultimate Metal tributes Uk tour Aberdeen","Unit 51","Sat Feb 28 2026 18:00:00 GMT+0000 (Greenwich Mean Time)","£15.00","scraper_skiddle","true","Fri Dec 19 2025 07:41:49 GMT+0000 (Greenwich Mean Time)"
"1096","Them & Us- Pink Floyd & Fleetwood Mac Night","The Ferry","Fri Feb 27 2026 20:30:00 GMT+0000 (Greenwich Mean Time)","Free","scraper_skiddle","false","Fri Jan 02 2026 22:35:01 GMT+0000 (Greenwich Mean Time)"
"1095","Definitely Oasis Live At Charleis Loft in Feb 2026","Charlie's Loft","Fri Feb 27 2026 19:30:00 GMT+0000 (Greenwich Mean Time)","Free","scraper_skiddle","false","Fri Jan 02 2026 22:35:01 GMT+0000 (Greenwich Mean Time)"
"767","Annasach's Ceilidh at The Counting House","The Counting House (The Ballroom)","Fri Feb 27 2026 19:30:00 GMT+0000 (Greenwich Mean Time)","£15.00","scraper_skiddle","true","Fri Dec 19 2025 07:41:39 GMT+0000 (Greenwich Mean Time)"
"947","The Specials Ltd. 'Ghost Town' 45th Anniversary","An Seomar","Fri Feb 27 2026 19:00:00 GMT+0000 (Greenwich Mean Time)","£20.00","scraper_skiddle","true","Fri Dec 19 2025 07:41:53 GMT+0000 (Greenwich Mean Time)"
"986","Scott McCloud (GVSB) plus Pilotcan & Main Primate","Leith Depot","Fri Feb 27 2026 19:00:00 GMT+0000 (Greenwich Mean Time)","Free","scraper_skiddle","true","Sat Dec 20 2025 23:17:44 GMT+0000 (Greenwich Mean Time)"
"766","Scott McCloud (GVSB) plus Pilotcan & Main Primate","Leith Depot","Fri Feb 27 2026 19:00:00 GMT+0000 (Greenwich Mean Time)","£10.00","scraper_skiddle","true","Fri Dec 19 2025 07:41:39 GMT+0000 (Greenwich Mean Time)"
"1016","Scott McCloud (GVSB) plus Pilotcan & Main Primate","Leith Depot Bar","Fri Feb 27 2026 19:00:00 GMT+0000 (Greenwich Mean Time)","Free","scraper_skiddle","false","Fri Jan 02 2026 22:34:44 GMT+0000 (Greenwich Mean Time)"
"1094","Rare Breed with special guests!","Roccos Music Lounge","Fri Feb 27 2026 18:45:00 GMT+0000 (Greenwich Mean Time)","Free","scraper_skiddle","false","Fri Jan 02 2026 22:35:01 GMT+0000 (Greenwich Mean Time)"
"968","The Specials Ltd. 'Ghost Town' 45th Anniversary","La Belle Angele","Thu Feb 26 2026 19:00:00 GMT+0000 (Greenwich Mean Time)","Free","scraper_skiddle","true","Fri Dec 19 2025 21:41:53 GMT+0000 (Greenwich Mean Time)"
"765","The Specials Ltd. 'Ghost Town' 45th Anniversary","Leith Depot","Thu Feb 26 2026 19:00:00 GMT+0000 (Greenwich Mean Time)","£20.00","scraper_skiddle","true","Fri Dec 19 2025 07:41:39 GMT+0000 (Greenwich Mean Time)"
"1093","Scott McCloud (of GVSB) Plus Jutland Songs & Pilotcan","The Old Hairdressers Renfield Lane Glasgow (Stereo)","Wed Feb 25 2026 19:00:00 GMT+0000 (Greenwich Mean Time)","Free","scraper_skiddle","false","Fri Jan 02 2026 22:35:01 GMT+0000 (Greenwich Mean Time)"
"764","Edinburgh Royal Mile Chamber Music Series","St Giles Cathedral","Mon Feb 23 2026 18:30:00 GMT+0000 (Greenwich Mean Time)","£15.00","scraper_skiddle","true","Fri Dec 19 2025 07:41:38 GMT+0000 (Greenwich Mean Time)"
"1092","Michael Robert Murphy - Glasgow (Matinee)","McChuills","Sun Feb 22 2026 14:00:00 GMT+0000 (Greenwich Mean Time)","Free","scraper_skiddle","false","Fri Jan 02 2026 22:35:01 GMT+0000 (Greenwich Mean Time)"
"1091","Glam Rock Party with 'Electric Warrior'","The Ferry","Sat Feb 21 2026 20:30:00 GMT+0000 (Greenwich Mean Time)","Free","scraper_skiddle","false","Fri Jan 02 2026 22:35:01 GMT+0000 (Greenwich Mean Time)"
"763","CHCR presents DWILLZ","Dalkeith Miners Club","Sat Feb 21 2026 19:00:00 GMT+0000 (Greenwich Mean Time)","Free","scraper_skiddle","true","Fri Dec 19 2025 07:41:38 GMT+0000 (Greenwich Mean Time)"
"1089","The Disco Love Orchestra Live","St Luke's ","Sat Feb 21 2026 19:00:00 GMT+0000 (Greenwich Mean Time)","Free","scraper_skiddle","false","Fri Jan 02 2026 22:35:00 GMT+0000 (Greenwich Mean Time)"
"1090","Pink Floyd Tribute Project Floyd","The Bungalow Bar","Sat Feb 21 2026 19:00:00 GMT+0000 (Greenwich Mean Time)","Free","scraper_skiddle","false","Fri Jan 02 2026 22:35:00 GMT+0000 (Greenwich Mean Time)"
"762","Cheap Escape","The Brasshouse, Dunfermline","Sat Feb 21 2026 18:30:00 GMT+0000 (Greenwich Mean Time)","£7.00","scraper_skiddle","true","Fri Dec 19 2025 07:41:38 GMT+0000 (Greenwich Mean Time)"
"1088","Foo Fighters GB & Green182 | Classic Grand, Glasgow","The Classic Grand","Sat Feb 21 2026 18:30:00 GMT+0000 (Greenwich Mean Time)","Free","scraper_skiddle","false","Fri Jan 02 2026 22:35:00 GMT+0000 (Greenwich Mean Time)"
"1087","Dumbarton Rocks Presents...","Dumbarton Football Club","Sat Feb 21 2026 16:00:00 GMT+0000 (Greenwich Mean Time)","Free","scraper_skiddle","false","Fri Jan 02 2026 22:35:00 GMT+0000 (Greenwich Mean Time)"
"1015","RaMFest 2026","Legends, Edinburgh","Sat Feb 21 2026 13:00:00 GMT+0000 (Greenwich Mean Time)","Free","scraper_skiddle","false","Fri Jan 02 2026 22:34:43 GMT+0000 (Greenwich Mean Time)"
"1086","I'm Your Man - George Michael Tribute","The Ferry","Fri Feb 20 2026 20:30:00 GMT+0000 (Greenwich Mean Time)","Free","scraper_skiddle","false","Fri Jan 02 2026 22:35:00 GMT+0000 (Greenwich Mean Time)"
"1085","Blockbuster Beats: Music Of The Movies","East Kilbride Royal British Legion","Fri Feb 20 2026 20:00:00 GMT+0000 (Greenwich Mean Time)","Free","scraper_skiddle","false","Fri Jan 02 2026 22:35:00 GMT+0000 (Greenwich Mean Time)"
"761","Blue Deal at the Arcadia Music Cafe, Biggar","Arcadia Music Cafe","Fri Feb 20 2026 19:30:00 GMT+0000 (Greenwich Mean Time)","£15.00","scraper_skiddle","true","Fri Dec 19 2025 07:41:38 GMT+0000 (Greenwich Mean Time)"
"1084","Michale Graves UK Tour","G2 (The Garage Glasgow)","Fri Feb 20 2026 19:00:00 GMT+0000 (Greenwich Mean Time)","Free","scraper_skiddle","false","Fri Jan 02 2026 22:35:00 GMT+0000 (Greenwich Mean Time)"
"1083","Atomic Rooster","The Bungalow Bar","Fri Feb 20 2026 19:00:00 GMT+0000 (Greenwich Mean Time)","Free","scraper_skiddle","false","Fri Jan 02 2026 22:34:59 GMT+0000 (Greenwich Mean Time)"
"906","Plasticine","The Tunnels","Fri Feb 20 2026 19:00:00 GMT+0000 (Greenwich Mean Time)","£10.00","scraper_skiddle","true","Fri Dec 19 2025 07:41:49 GMT+0000 (Greenwich Mean Time)"
"1106","Plasticine","Beat Generator Live","Thu Feb 19 2026 19:30:00 GMT+0000 (Greenwich Mean Time)","Free","scraper_skiddle","false","Fri Jan 02 2026 22:35:04 GMT+0000 (Greenwich Mean Time)"
"931","Plasticine","Beat Generator","Thu Feb 19 2026 19:30:00 GMT+0000 (Greenwich Mean Time)","£10.00","scraper_skiddle","true","Fri Dec 19 2025 07:41:52 GMT+0000 (Greenwich Mean Time)"
"760","Royal Mile International Piano Series -The Beethoven Sonatas","St Giles Cathedral","Mon Feb 16 2026 18:30:00 GMT+0000 (Greenwich Mean Time)","£15.00","scraper_skiddle","true","Fri Dec 19 2025 07:41:38 GMT+0000 (Greenwich Mean Time)"
"1082","KIZZ DANIEL: Live in Glasgow!!","TV Studio   SWG3","Sun Feb 15 2026 18:00:00 GMT+0000 (Greenwich Mean Time)","Free","scraper_skiddle","false","Fri Jan 02 2026 22:34:59 GMT+0000 (Greenwich Mean Time)"
"1081","Country Sessions with Stetson","The Ferry","Sun Feb 15 2026 15:30:00 GMT+0000 (Greenwich Mean Time)","Free","scraper_skiddle","false","Fri Jan 02 2026 22:34:59 GMT+0000 (Greenwich Mean Time)"
"1080","ABBA Party Night","The Ferry","Sat Feb 14 2026 20:30:00 GMT+0000 (Greenwich Mean Time)","Free","scraper_skiddle","false","Fri Jan 02 2026 22:34:59 GMT+0000 (Greenwich Mean Time)"
"759","Valentines Vivaldi by Candlelight","St Giles Cathedral","Sat Feb 14 2026 20:00:00 GMT+0000 (Greenwich Mean Time)","£15.00","scraper_skiddle","true","Fri Dec 19 2025 07:41:38 GMT+0000 (Greenwich Mean Time)"
"758","Valentines Chopin & Champagne by Candlelight","St Mary's Cathedral","Sat Feb 14 2026 19:30:00 GMT+0000 (Greenwich Mean Time)","£20.00","scraper_skiddle","true","Fri Dec 19 2025 07:41:38 GMT+0000 (Greenwich Mean Time)"
"1079","Valentines Vivaldi by Candlelight (7.30pm)","Glasgow Cathedral","Sat Feb 14 2026 19:30:00 GMT+0000 (Greenwich Mean Time)","Free","scraper_skiddle","false","Fri Jan 02 2026 22:34:59 GMT+0000 (Greenwich Mean Time)"
"1078","ELVIS - Shaun Hamilton","Venue Paisley","Sat Feb 14 2026 19:30:00 GMT+0000 (Greenwich Mean Time)","Free","scraper_skiddle","false","Fri Jan 02 2026 22:34:59 GMT+0000 (Greenwich Mean Time)"
"1076","Scottish Sex Pistols + Lizzie & The Banshees","Ivory Blacks","Sat Feb 14 2026 19:00:00 GMT+0000 (Greenwich Mean Time)","Free","scraper_skiddle","false","Fri Jan 02 2026 22:34:58 GMT+0000 (Greenwich Mean Time)"
"1077","Big In 2026 - Glasgow","Audio Glasgow","Sat Feb 14 2026 19:00:00 GMT+0000 (Greenwich Mean Time)","Free","scraper_skiddle","false","Fri Jan 02 2026 22:34:58 GMT+0000 (Greenwich Mean Time)"
"1075","Fail The Enemy with Special Guests","The Garage Attic","Sat Feb 14 2026 18:30:00 GMT+0000 (Greenwich Mean Time)","Free","scraper_skiddle","false","Fri Jan 02 2026 22:34:58 GMT+0000 (Greenwich Mean Time)"
"757","Valentines Moonlight Sonata by Candlelight","St Giles Cathedral","Sat Feb 14 2026 18:15:00 GMT+0000 (Greenwich Mean Time)","£15.00","scraper_skiddle","true","Fri Dec 19 2025 07:41:38 GMT+0000 (Greenwich Mean Time)"
"1074","Valentines Vivaldi by Candlelight (5pm)","Glasgow Cathedral","Sat Feb 14 2026 17:00:00 GMT+0000 (Greenwich Mean Time)","Free","scraper_skiddle","false","Fri Jan 02 2026 22:34:58 GMT+0000 (Greenwich Mean Time)"
"1073","Kixx & triple T presents - twinflame","Vibe Dance Bar Paisley","Sat Feb 14 2026 16:00:00 GMT+0000 (Greenwich Mean Time)","Free","scraper_skiddle","false","Fri Jan 02 2026 22:34:58 GMT+0000 (Greenwich Mean Time)"
"1072","The Classic Rock Show Featuring Shardlake","The Ferry","Fri Feb 13 2026 20:30:00 GMT+0000 (Greenwich Mean Time)","Free","scraper_skiddle","false","Fri Jan 02 2026 22:34:58 GMT+0000 (Greenwich Mean Time)"
"756","Valentines Night at the Opera by Candlelight Feat. Nessun Dorma","St Giles Cathedral","Fri Feb 13 2026 20:00:00 GMT+0000 (Greenwich Mean Time)","£15.00","scraper_skiddle","true","Fri Dec 19 2025 07:41:38 GMT+0000 (Greenwich Mean Time)"
"930","The Exceptional Reggae St. Valentine's Ball","The Crown Inn, Monifieth","Fri Feb 13 2026 19:00:00 GMT+0000 (Greenwich Mean Time)","£4.20","scraper_skiddle","true","Fri Dec 19 2025 07:41:52 GMT+0000 (Greenwich Mean Time)"
"905","The Vintage Explosion","The Tivoli Theatre Co Ltd","Fri Feb 13 2026 19:00:00 GMT+0000 (Greenwich Mean Time)","£35.00","scraper_skiddle","true","Fri Dec 19 2025 07:41:49 GMT+0000 (Greenwich Mean Time)"
"755","Fail The Enemy with Special Guests","The Mash House","Fri Feb 13 2026 18:30:00 GMT+0000 (Greenwich Mean Time)","£9.00","scraper_skiddle","true","Fri Dec 19 2025 07:41:38 GMT+0000 (Greenwich Mean Time)"
"754","Bach Cello Suites by Candlelight","St Giles Cathedral","Fri Feb 13 2026 18:15:00 GMT+0000 (Greenwich Mean Time)","£15.00","scraper_skiddle","true","Fri Dec 19 2025 07:41:38 GMT+0000 (Greenwich Mean Time)"
"1071","Fool Creations - Launch Party","Mono","Thu Feb 12 2026 19:30:00 GMT+0000 (Greenwich Mean Time)","Free","scraper_skiddle","false","Fri Jan 02 2026 22:34:57 GMT+0000 (Greenwich Mean Time)"
"1070","Philomenas Presents lifegarden, Mist & Wing, Johnny Orr","1990","Thu Feb 12 2026 19:30:00 GMT+0000 (Greenwich Mean Time)","Free","scraper_skiddle","false","Fri Jan 02 2026 22:34:57 GMT+0000 (Greenwich Mean Time)"
"753","The Beethoven Sonatas","St Giles Cathedral","Mon Feb 09 2026 18:30:00 GMT+0000 (Greenwich Mean Time)","£15.00","scraper_skiddle","true","Fri Dec 19 2025 07:41:38 GMT+0000 (Greenwich Mean Time)"
"1069","The Siege","Audio Glasgow","Sat Feb 07 2026 23:00:00 GMT+0000 (Greenwich Mean Time)","Free","scraper_skiddle","false","Fri Jan 02 2026 22:34:57 GMT+0000 (Greenwich Mean Time)"
"1068","A Soul Tribute Night featuring The Soul Establishment","The Ferry","Sat Feb 07 2026 20:30:00 GMT+0000 (Greenwich Mean Time)","Free","scraper_skiddle","false","Fri Jan 02 2026 22:34:57 GMT+0000 (Greenwich Mean Time)"
"1067","The Sticks + Josh Ferrie + Cherry Red","The Hug And Pint","Sat Feb 07 2026 20:00:00 GMT+0000 (Greenwich Mean Time)","Free","scraper_skiddle","false","Fri Jan 02 2026 22:34:57 GMT+0000 (Greenwich Mean Time)"
"929","The Smiths Ltd - Beat Generator, Dundee","Beat Generator","Sat Feb 07 2026 20:00:00 GMT+0000 (Greenwich Mean Time)","£17.00","scraper_skiddle","true","Fri Dec 19 2025 07:41:52 GMT+0000 (Greenwich Mean Time)"
"752","Nick Shane Live in Edinburgh","Banshee's Labyrinth","Sat Feb 07 2026 19:30:00 GMT+0000 (Greenwich Mean Time)","£10.00","scraper_skiddle","true","Fri Dec 19 2025 07:41:38 GMT+0000 (Greenwich Mean Time)"
"1066","Desperate Dan Perform the Music of Steely Dan","Drygate","Sat Feb 07 2026 19:30:00 GMT+0000 (Greenwich Mean Time)","Free","scraper_skiddle","false","Fri Jan 02 2026 22:34:57 GMT+0000 (Greenwich Mean Time)"
"1065","The Complete Stone Roses & OCS - Ocean Colour Scene Tribute","The Bungalow Bar","Sat Feb 07 2026 19:00:00 GMT+0000 (Greenwich Mean Time)","Free","scraper_skiddle","false","Fri Jan 02 2026 22:34:57 GMT+0000 (Greenwich Mean Time)"
"751","The Guillotines Live at McQ's","McQ's @ Coadys","Sat Feb 07 2026 19:00:00 GMT+0000 (Greenwich Mean Time)","£6.00","scraper_skiddle","true","Fri Dec 19 2025 07:41:38 GMT+0000 (Greenwich Mean Time)"
"928","Montrose Winter Music Event","Montrose Town Hall","Sat Feb 07 2026 17:00:00 GMT+0000 (Greenwich Mean Time)","£20.00","scraper_skiddle","true","Fri Dec 19 2025 07:41:52 GMT+0000 (Greenwich Mean Time)"
"1064","Jam Pot @ the Barras","Barras Art And Design (BAaD)","Sat Feb 07 2026 15:00:00 GMT+0000 (Greenwich Mean Time)","Free","scraper_skiddle","false","Fri Jan 02 2026 22:34:56 GMT+0000 (Greenwich Mean Time)"
"1063","60's & 70's Party Night with Artistic License","The Ferry","Fri Feb 06 2026 20:30:00 GMT+0000 (Greenwich Mean Time)","Free","scraper_skiddle","false","Fri Jan 02 2026 22:34:56 GMT+0000 (Greenwich Mean Time)"
"1062","ABBA by An ABBA Dream","The Bungalow Bar","Fri Feb 06 2026 19:00:00 GMT+0000 (Greenwich Mean Time)","Free","scraper_skiddle","false","Fri Jan 02 2026 22:34:56 GMT+0000 (Greenwich Mean Time)"
"750","The Smiths Ltd - PJ Molloy's, Dunfermline","PJ Molloys","Fri Feb 06 2026 19:00:00 GMT+0000 (Greenwich Mean Time)","£17.00","scraper_skiddle","true","Fri Dec 19 2025 07:41:38 GMT+0000 (Greenwich Mean Time)"
"1061","Soaked Glasgow","Nice N Sleazys","Fri Feb 06 2026 18:30:00 GMT+0000 (Greenwich Mean Time)","Free","scraper_skiddle","false","Fri Jan 02 2026 22:34:56 GMT+0000 (Greenwich Mean Time)"
"1060","Money for Nothing - Dire Straits Tribute","The Ferry","Thu Feb 05 2026 20:00:00 GMT+0000 (Greenwich Mean Time)","Free","scraper_skiddle","false","Fri Jan 02 2026 22:34:56 GMT+0000 (Greenwich Mean Time)"
"749","Desperate Dan","The Voodoo Rooms","Thu Feb 05 2026 19:30:00 GMT+0000 (Greenwich Mean Time)","£15.00","scraper_skiddle","true","Fri Dec 19 2025 07:41:38 GMT+0000 (Greenwich Mean Time)"
"1059","Stigmata Presents Ashbury Heights","Ivory Blacks","Thu Feb 05 2026 19:00:00 GMT+0000 (Greenwich Mean Time)","Free","scraper_skiddle","false","Fri Jan 02 2026 22:34:56 GMT+0000 (Greenwich Mean Time)"
"748","Royal Mile International Piano Series -The Beethoven Sonatas","St Giles Cathedral","Mon Feb 02 2026 18:30:00 GMT+0000 (Greenwich Mean Time)","£15.00","scraper_skiddle","true","Fri Dec 19 2025 07:41:38 GMT+0000 (Greenwich Mean Time)"
"1058","Phil Campbell","The Blue Dog","Sun Feb 01 2026 20:00:00 GMT+0000 (Greenwich Mean Time)","Free","scraper_skiddle","false","Fri Jan 02 2026 22:34:55 GMT+0000 (Greenwich Mean Time)"
"904","Rum Ragged","Drummonds, Aberdeen","Sun Feb 01 2026 19:30:00 GMT+0000 (Greenwich Mean Time)","£18.00","scraper_skiddle","true","Fri Dec 19 2025 07:41:49 GMT+0000 (Greenwich Mean Time)"
"903","Meryl Streek","The Tunnels","Sun Feb 01 2026 19:00:00 GMT+0000 (Greenwich Mean Time)","£12.00","scraper_skiddle","true","Fri Dec 19 2025 07:41:49 GMT+0000 (Greenwich Mean Time)"
"967","Casper's Ridge @ The Voodoo Rooms","The Voodoo Rooms","Sun Feb 01 2026 19:00:00 GMT+0000 (Greenwich Mean Time)","Free","scraper_skiddle","true","Fri Dec 19 2025 21:41:53 GMT+0000 (Greenwich Mean Time)"
"1101","Meryl Streek","Tunnels Aberdeen","Sun Feb 01 2026 19:00:00 GMT+0000 (Greenwich Mean Time)","Free","scraper_skiddle","false","Fri Jan 02 2026 22:35:02 GMT+0000 (Greenwich Mean Time)"
"1057","Shout! The MOD & Swinging 60's","The Ferry","Sun Feb 01 2026 15:30:00 GMT+0000 (Greenwich Mean Time)","Free","scraper_skiddle","false","Fri Jan 02 2026 22:34:55 GMT+0000 (Greenwich Mean Time)"
"1056","GirlyPop Live 3 | SWG3, Glasgow | SOLD OUT!!!","SWG3","Sun Feb 01 2026 12:00:00 GMT+0000 (Greenwich Mean Time)","Free","scraper_skiddle","false","Fri Jan 02 2026 22:34:55 GMT+0000 (Greenwich Mean Time)"
"1055","Ernest","The Ferry","Sat Jan 31 2026 20:30:00 GMT+0000 (Greenwich Mean Time)","Free","scraper_skiddle","false","Fri Jan 02 2026 22:34:55 GMT+0000 (Greenwich Mean Time)"
"946","Charlie and the bhoys raigmore motel Inverness","Raigmore Motel","Sat Jan 31 2026 19:00:00 GMT+0000 (Greenwich Mean Time)","£24.00","scraper_skiddle","true","Fri Dec 19 2025 07:41:53 GMT+0000 (Greenwich Mean Time)"
"747","The Terrace Presents Illegally Blondie","The Terrace Falkirk","Sat Jan 31 2026 19:00:00 GMT+0000 (Greenwich Mean Time)","£5.00","scraper_skiddle","true","Fri Dec 19 2025 07:41:38 GMT+0000 (Greenwich Mean Time)"
"1054","Fiction Burns 15th Anniversary: An Alternative Burns Supper","Slay Glasgow","Sat Jan 31 2026 18:00:00 GMT+0000 (Greenwich Mean Time)","Free","scraper_skiddle","false","Fri Jan 02 2026 22:34:55 GMT+0000 (Greenwich Mean Time)"
"746","'Oh What a Brunch '","Elixir Cocktail Lounge","Sat Jan 31 2026 13:00:00 GMT+0000 (Greenwich Mean Time)","£20.00","scraper_skiddle","true","Fri Dec 19 2025 07:41:38 GMT+0000 (Greenwich Mean Time)"
"1053","A Tribute to Freddie Mercury","The Ferry","Fri Jan 30 2026 20:30:00 GMT+0000 (Greenwich Mean Time)","Free","scraper_skiddle","false","Fri Jan 02 2026 22:34:55 GMT+0000 (Greenwich Mean Time)"
"745","Vivaldi Four Seasons and Rachmaninov 2nd Piano Concerto","St Giles Cathedral","Fri Jan 30 2026 20:00:00 GMT+0000 (Greenwich Mean Time)","£15.00","scraper_skiddle","true","Fri Dec 19 2025 07:41:38 GMT+0000 (Greenwich Mean Time)"
"1052","Nashville Nights UK","G2 (The Garage Glasgow)","Fri Jan 30 2026 19:30:00 GMT+0000 (Greenwich Mean Time)","Free","scraper_skiddle","false","Fri Jan 02 2026 22:34:54 GMT+0000 (Greenwich Mean Time)"
"744","Stride - Live from Whitburn","Whitburn Bowling Club","Fri Jan 30 2026 19:30:00 GMT+0000 (Greenwich Mean Time)","£7.00","scraper_skiddle","true","Fri Dec 19 2025 07:41:38 GMT+0000 (Greenwich Mean Time)"
"1051","I'm Your Man Tribute to George Michael","The Bungalow Bar","Fri Jan 30 2026 19:00:00 GMT+0000 (Greenwich Mean Time)","Free","scraper_skiddle","false","Fri Jan 02 2026 22:34:54 GMT+0000 (Greenwich Mean Time)"
"743","The Style Councillors","Leith Depot","Fri Jan 30 2026 19:00:00 GMT+0000 (Greenwich Mean Time)","£20.00","scraper_skiddle","true","Fri Dec 19 2025 07:41:37 GMT+0000 (Greenwich Mean Time)"
"1050","Tourist Trap Headline","1990","Fri Jan 30 2026 19:00:00 GMT+0000 (Greenwich Mean Time)","Free","scraper_skiddle","false","Fri Jan 02 2026 22:34:54 GMT+0000 (Greenwich Mean Time)"
"966","The Style Councillors","La Belle Angele","Fri Jan 30 2026 19:00:00 GMT+0000 (Greenwich Mean Time)","Free","scraper_skiddle","true","Fri Dec 19 2025 21:41:53 GMT+0000 (Greenwich Mean Time)"
"742","Moonlight Sonata by Candlelight","St Giles Cathedral","Fri Jan 30 2026 18:15:00 GMT+0000 (Greenwich Mean Time)","£15.00","scraper_skiddle","true","Fri Dec 19 2025 07:41:37 GMT+0000 (Greenwich Mean Time)"
"1049","Tony McManus and Julia Toaspern Plus Support Danny Bradley","The Bungalow Bar","Thu Jan 29 2026 19:00:00 GMT+0000 (Greenwich Mean Time)","Free","scraper_skiddle","false","Fri Jan 02 2026 22:34:54 GMT+0000 (Greenwich Mean Time)"
"965","Anthony Gomes 'Praise The Loud' 2026 Tour","La Belle Angele","Tue Jan 27 2026 19:00:00 GMT+0000 (Greenwich Mean Time)","Free","scraper_skiddle","true","Fri Dec 19 2025 21:41:53 GMT+0000 (Greenwich Mean Time)"
"741","Anthony Gomes 'Praise The Loud' 2026 Tour","Leith Depot","Tue Jan 27 2026 19:00:00 GMT+0000 (Greenwich Mean Time)","£25.00","scraper_skiddle","true","Fri Dec 19 2025 07:41:37 GMT+0000 (Greenwich Mean Time)"
"740","Edinburgh Royal Mile Chamber Music Series","St Giles Cathedral","Mon Jan 26 2026 18:30:00 GMT+0000 (Greenwich Mean Time)","£15.00","scraper_skiddle","true","Fri Dec 19 2025 07:41:37 GMT+0000 (Greenwich Mean Time)"
"1048","Phil Campbell","The Blue Dog","Sun Jan 25 2026 20:00:00 GMT+0000 (Greenwich Mean Time)","Free","scraper_skiddle","false","Fri Jan 02 2026 22:34:54 GMT+0000 (Greenwich Mean Time)"
"1047","The ""Beating Up Your Speakers"" Show","Nice N Sleazy","Sun Jan 25 2026 19:30:00 GMT+0000 (Greenwich Mean Time)","Free","scraper_skiddle","false","Fri Jan 02 2026 22:34:54 GMT+0000 (Greenwich Mean Time)"
"1046","Greg Ryan - Penguins and Pianos UK Tour - Glasgow","The Hug And Pint","Sun Jan 25 2026 19:00:00 GMT+0000 (Greenwich Mean Time)","Free","scraper_skiddle","false","Fri Jan 02 2026 22:34:54 GMT+0000 (Greenwich Mean Time)"
"739","Annasach's Burns Night Ceilidh","The Counting House (The Ballroom)","Sun Jan 25 2026 19:00:00 GMT+0000 (Greenwich Mean Time)","£28.00","scraper_skiddle","true","Fri Dec 19 2025 07:41:37 GMT+0000 (Greenwich Mean Time)"
"895","Simply Rod Stewart","The Ferry","Sat Jan 24 2026 20:30:00 GMT+0000 (Greenwich Mean Time)","£15.00","scraper_skiddle","true","Fri Dec 19 2025 07:41:47 GMT+0000 (Greenwich Mean Time)"
"894","Phil Campbell","The Blue Dog","Sat Jan 24 2026 20:00:00 GMT+0000 (Greenwich Mean Time)","£8.00","scraper_skiddle","true","Fri Dec 19 2025 07:41:47 GMT+0000 (Greenwich Mean Time)"
"902","The Gerry Cinna-Man Experience","Drummonds, Aberdeen","Sat Jan 24 2026 19:30:00 GMT+0000 (Greenwich Mean Time)","£10.00","scraper_skiddle","true","Fri Dec 19 2025 07:41:49 GMT+0000 (Greenwich Mean Time)"
"893","A Dose of Death feat King Nobody & The Violent Polite","Nice N Sleazy","Sat Jan 24 2026 19:30:00 GMT+0000 (Greenwich Mean Time)","£8.00","scraper_skiddle","true","Fri Dec 19 2025 07:41:47 GMT+0000 (Greenwich Mean Time)"
"1045","A Dose of Death feat King Nobody & The Violent Polite","Nice And Sleazy","Sat Jan 24 2026 19:30:00 GMT+0000 (Greenwich Mean Time)","Free","scraper_skiddle","false","Fri Jan 02 2026 22:34:53 GMT+0000 (Greenwich Mean Time)"
"1100","The Gerry Cinna-Man Experience","Cafe Drummonds","Sat Jan 24 2026 19:30:00 GMT+0000 (Greenwich Mean Time)","Free","scraper_skiddle","false","Fri Jan 02 2026 22:35:02 GMT+0000 (Greenwich Mean Time)"
"892","New Purple Celebration - Music of Prince - Last Glasgow Show","The Garage","Sat Jan 24 2026 19:00:00 GMT+0000 (Greenwich Mean Time)","£23.50","scraper_skiddle","true","Fri Dec 19 2025 07:41:47 GMT+0000 (Greenwich Mean Time)"
"737","Lhamo Grace Live in Fife","BArty's","Sat Jan 24 2026 19:00:00 GMT+0000 (Greenwich Mean Time)","£10.00","scraper_skiddle","true","Fri Dec 19 2025 07:41:37 GMT+0000 (Greenwich Mean Time)"
"736","High Voltage - Scotland's Premier AC/DC Tribute Band","Leith Depot","Sat Jan 24 2026 19:00:00 GMT+0000 (Greenwich Mean Time)","£15.00","scraper_skiddle","true","Fri Dec 19 2025 07:41:37 GMT+0000 (Greenwich Mean Time)"
"738","Annasach's Saturday Burns Ceilidh","The Counting House (The Ballroom)","Sat Jan 24 2026 19:00:00 GMT+0000 (Greenwich Mean Time)","£26.00","scraper_skiddle","true","Fri Dec 19 2025 07:41:37 GMT+0000 (Greenwich Mean Time)"
"1013","Vader Time 003","The Banshee Labyrinth","Sat Jan 24 2026 19:00:00 GMT+0000 (Greenwich Mean Time)","Free","scraper_skiddle","false","Fri Jan 02 2026 22:34:41 GMT+0000 (Greenwich Mean Time)"
"735","Vader Time 003","Banshee's Labyrinth","Sat Jan 24 2026 19:00:00 GMT+0000 (Greenwich Mean Time)","£8.00","scraper_skiddle","true","Fri Dec 19 2025 07:41:37 GMT+0000 (Greenwich Mean Time)"
"891","Creedence Clearwater Revived","The Bungalow Bar","Sat Jan 24 2026 19:00:00 GMT+0000 (Greenwich Mean Time)","£15.00","scraper_skiddle","true","Fri Dec 19 2025 07:41:47 GMT+0000 (Greenwich Mean Time)"
"964","High Voltage - Scotland's Premier AC/DC Tribute Band","La Belle Angele","Sat Jan 24 2026 19:00:00 GMT+0000 (Greenwich Mean Time)","Free","scraper_skiddle","true","Fri Dec 19 2025 21:41:53 GMT+0000 (Greenwich Mean Time)"
"985","Vader Time 003","Banshee's Labyrinth","Sat Jan 24 2026 19:00:00 GMT+0000 (Greenwich Mean Time)","Free","scraper_skiddle","true","Sat Dec 20 2025 23:17:44 GMT+0000 (Greenwich Mean Time)"
"1014","Lhamo Grace Live in Fife supported by David Latto","BArty's","Sat Jan 24 2026 19:00:00 GMT+0000 (Greenwich Mean Time)","Free","scraper_skiddle","false","Fri Jan 02 2026 22:34:42 GMT+0000 (Greenwich Mean Time)"
"890","Off Script Vol. 10","Vibes Glasgow","Fri Jan 23 2026 21:00:00 GMT+0000 (Greenwich Mean Time)","£5.00","scraper_skiddle","true","Fri Dec 19 2025 07:41:47 GMT+0000 (Greenwich Mean Time)"
"889","A Night of Cher & Shania","The Ferry","Fri Jan 23 2026 20:30:00 GMT+0000 (Greenwich Mean Time)","£15.00","scraper_skiddle","true","Fri Dec 19 2025 07:41:47 GMT+0000 (Greenwich Mean Time)"
"1044","Rudebeard + The Three'n'Eights","McChuills","Fri Jan 23 2026 20:00:00 GMT+0000 (Greenwich Mean Time)","Free","scraper_skiddle","false","Fri Jan 02 2026 22:34:53 GMT+0000 (Greenwich Mean Time)"
"888","The Kink's Experience","The Bungalow Bar","Fri Jan 23 2026 19:00:00 GMT+0000 (Greenwich Mean Time)","£10.00","scraper_skiddle","true","Fri Dec 19 2025 07:41:47 GMT+0000 (Greenwich Mean Time)"
"901","The East Pointers","The Tunnels","Fri Jan 23 2026 19:00:00 GMT+0000 (Greenwich Mean Time)","£17.00","scraper_skiddle","true","Fri Dec 19 2025 07:41:49 GMT+0000 (Greenwich Mean Time)"
"734","Annasach's Friday Burns Ceilidh","The Counting House (The Ballroom)","Fri Jan 23 2026 19:00:00 GMT+0000 (Greenwich Mean Time)","£26.00","scraper_skiddle","true","Fri Dec 19 2025 07:41:37 GMT+0000 (Greenwich Mean Time)"
"733","New Purple Celebration - Music of Prince - Last Edinburgh Show","The Liquid Room","Fri Jan 23 2026 19:00:00 GMT+0000 (Greenwich Mean Time)","£23.50","scraper_skiddle","true","Fri Dec 19 2025 07:41:37 GMT+0000 (Greenwich Mean Time)"
"732","The TV Casualties present Nicolas Glassworth 140th Birthday Show","Banshee's Labyrinth","Thu Jan 22 2026 19:00:00 GMT+0000 (Greenwich Mean Time)","£8.00","scraper_skiddle","true","Fri Dec 19 2025 07:41:37 GMT+0000 (Greenwich Mean Time)"
"887","The Bungalow Presents: ONES TO WATCH 2026","The Bungalow Bar","Thu Jan 22 2026 19:00:00 GMT+0000 (Greenwich Mean Time)","£8.00","scraper_skiddle","true","Fri Dec 19 2025 07:41:47 GMT+0000 (Greenwich Mean Time)"
"1012","The TV Casualties present Nicolas Glassworth 140th Birthday Show","The Banshee Labyrinth","Thu Jan 22 2026 19:00:00 GMT+0000 (Greenwich Mean Time)","Free","scraper_skiddle","false","Fri Jan 02 2026 22:34:41 GMT+0000 (Greenwich Mean Time)"
"984","The TV Casualties present Nicolas Glassworth 140th Birthday Show","Banshee's Labyrinth","Thu Jan 22 2026 19:00:00 GMT+0000 (Greenwich Mean Time)","Free","scraper_skiddle","true","Sat Dec 20 2025 23:17:44 GMT+0000 (Greenwich Mean Time)"
"1043","Hatescrew/Final Requiem/Honey Bog/Kintsugi","Ivory Blacks","Thu Jan 22 2026 18:00:00 GMT+0000 (Greenwich Mean Time)","Free","scraper_skiddle","false","Fri Jan 02 2026 22:34:52 GMT+0000 (Greenwich Mean Time)"
"886","Jazz Thursdays - The Noble Public House","The Noble | Public House | Glasgow","Thu Jan 22 2026 18:00:00 GMT+0000 (Greenwich Mean Time)","£25.00","scraper_skiddle","true","Fri Dec 19 2025 07:41:47 GMT+0000 (Greenwich Mean Time)"
"731","Royal Mile International Piano Series- The Beethoven Sonatas","St Giles Cathedral","Mon Jan 19 2026 06:30:00 GMT+0000 (Greenwich Mean Time)","£15.00","scraper_skiddle","true","Fri Dec 19 2025 07:41:37 GMT+0000 (Greenwich Mean Time)"
"885","Phil Campbell","The Blue Dog","Sun Jan 18 2026 20:00:00 GMT+0000 (Greenwich Mean Time)","£25.00","scraper_skiddle","true","Fri Dec 19 2025 07:41:47 GMT+0000 (Greenwich Mean Time)"
"884","Divina De Campo - Back on the Road","Slay Glasgow","Sun Jan 18 2026 19:30:00 GMT+0000 (Greenwich Mean Time)","£25.00","scraper_skiddle","true","Fri Dec 19 2025 07:41:47 GMT+0000 (Greenwich Mean Time)"
"730","GirlyPop Live | Corn Exchange, Edinburgh | SOLD OUT!!","Edinburgh Corn Exchange","Sun Jan 18 2026 12:00:00 GMT+0000 (Greenwich Mean Time)","£21.00","scraper_skiddle","true","Fri Dec 19 2025 07:41:37 GMT+0000 (Greenwich Mean Time)"
"883","A Night of Lionel Richie & Motown Classics","The Ferry","Sat Jan 17 2026 20:30:00 GMT+0000 (Greenwich Mean Time)","£15.00","scraper_skiddle","true","Fri Dec 19 2025 07:41:47 GMT+0000 (Greenwich Mean Time)"
"882","Phil Campbell","The Blue Dog","Sat Jan 17 2026 20:00:00 GMT+0000 (Greenwich Mean Time)","£6.50","scraper_skiddle","true","Fri Dec 19 2025 07:41:47 GMT+0000 (Greenwich Mean Time)"
"729","Sports Day + Support | Sneaky Pete's | Edinburgh | 17th Jan 2026","Sneaky Pete's","Sat Jan 17 2026 19:30:00 GMT+0000 (Greenwich Mean Time)","£10.00","scraper_skiddle","true","Fri Dec 19 2025 07:41:37 GMT+0000 (Greenwich Mean Time)"
"881","Whissker, BlueJayd and DryRiser @ 1990 | 17/01/2026","1990","Sat Jan 17 2026 19:00:00 GMT+0000 (Greenwich Mean Time)","£6.50","scraper_skiddle","true","Fri Dec 19 2025 07:41:47 GMT+0000 (Greenwich Mean Time)"
"728","Dazed & Confused @ The Caves","The Caves","Sat Jan 17 2026 19:00:00 GMT+0000 (Greenwich Mean Time)","£12.00","scraper_skiddle","true","Fri Dec 19 2025 07:41:37 GMT+0000 (Greenwich Mean Time)"
"880","Roxette UK","The Bungalow Bar","Sat Jan 17 2026 19:00:00 GMT+0000 (Greenwich Mean Time)","£11.00","scraper_skiddle","true","Fri Dec 19 2025 07:41:47 GMT+0000 (Greenwich Mean Time)"
"927","GirlyPop Live | LiveHouse, Dundee","Live House Dundee","Sat Jan 17 2026 12:00:00 GMT+0000 (Greenwich Mean Time)","£18.00","scraper_skiddle","true","Fri Dec 19 2025 07:41:52 GMT+0000 (Greenwich Mean Time)"
"926","AHpromotions:KIRK V MEISTER","Music Hall Dundee","Fri Jan 16 2026 21:30:00 GMT+0000 (Greenwich Mean Time)","£9.00","scraper_skiddle","true","Fri Dec 19 2025 07:41:52 GMT+0000 (Greenwich Mean Time)"
"727","Pan Pan live in Edinburgh","The Voodoo Rooms","Fri Jan 16 2026 21:00:00 GMT+0000 (Greenwich Mean Time)","£20.00","scraper_skiddle","true","Fri Dec 19 2025 07:41:37 GMT+0000 (Greenwich Mean Time)"
"879","KSK Presents: FIISHIR x TRKN","The Classic Grand","Fri Jan 16 2026 21:00:00 GMT+0000 (Greenwich Mean Time)","£16.00","scraper_skiddle","true","Fri Dec 19 2025 07:41:47 GMT+0000 (Greenwich Mean Time)"
"878","70's & 80's Party Night with 'Mixtape'","The Ferry","Fri Jan 16 2026 20:30:00 GMT+0000 (Greenwich Mean Time)","£15.00","scraper_skiddle","true","Fri Dec 19 2025 07:41:47 GMT+0000 (Greenwich Mean Time)"
"877","The Local, Klozer, The Goodtrips, Lucas H","Nice N Sleazy","Fri Jan 16 2026 19:30:00 GMT+0000 (Greenwich Mean Time)","£11.00","scraper_skiddle","true","Fri Dec 19 2025 07:41:47 GMT+0000 (Greenwich Mean Time)"
"876","The Bungalow Presents: ONES TO WATCH 2026","The Bungalow Bar","Thu Jan 15 2026 19:00:00 GMT+0000 (Greenwich Mean Time)","£8.00","scraper_skiddle","true","Fri Dec 19 2025 07:41:47 GMT+0000 (Greenwich Mean Time)"
"875","Jazz Thursdays - The Noble Public House","The Noble | Public House | Glasgow","Thu Jan 15 2026 18:00:00 GMT+0000 (Greenwich Mean Time)","£14.00","scraper_skiddle","true","Fri Dec 19 2025 07:41:46 GMT+0000 (Greenwich Mean Time)"
"726","The Beethoven Sonatas","St Giles Cathedral","Mon Jan 12 2026 18:30:00 GMT+0000 (Greenwich Mean Time)","£15.00","scraper_skiddle","true","Fri Dec 19 2025 07:41:37 GMT+0000 (Greenwich Mean Time)"
"874","Phil Campbell","The Blue Dog","Sun Jan 11 2026 20:00:00 GMT+0000 (Greenwich Mean Time)","£14.00","scraper_skiddle","true","Fri Dec 19 2025 07:41:46 GMT+0000 (Greenwich Mean Time)"
"1042","Rize Presents : POLTERGST & CALLUSH","The Classic Grand","Sat Jan 10 2026 21:00:00 GMT+0000 (Greenwich Mean Time)","Free","scraper_skiddle","false","Fri Jan 02 2026 22:34:52 GMT+0000 (Greenwich Mean Time)"
"873","Rize Presents: Negitiv & Callush","The Classic Grand","Sat Jan 10 2026 21:00:00 GMT+0000 (Greenwich Mean Time)","£14.00","scraper_skiddle","true","Fri Dec 19 2025 07:41:46 GMT+0000 (Greenwich Mean Time)"
"872","Neon 90's Show","The Ferry","Sat Jan 10 2026 20:30:00 GMT+0000 (Greenwich Mean Time)","£15.00","scraper_skiddle","true","Fri Dec 19 2025 07:41:46 GMT+0000 (Greenwich Mean Time)"
"871","Phil Campbell","The Blue Dog","Sat Jan 10 2026 20:00:00 GMT+0000 (Greenwich Mean Time)","£22.00","scraper_skiddle","true","Fri Dec 19 2025 07:41:46 GMT+0000 (Greenwich Mean Time)"
"870","GRENDEL 25th Anniversary 2026 UK Tour","Ivory Blacks","Sat Jan 10 2026 19:00:00 GMT+0000 (Greenwich Mean Time)","£22.00","scraper_skiddle","true","Fri Dec 19 2025 07:41:46 GMT+0000 (Greenwich Mean Time)"
"869","GCHC Day Club Party!","The Classic Grand","Sat Jan 10 2026 14:00:00 GMT+0000 (Greenwich Mean Time)","£8.00","scraper_skiddle","true","Fri Dec 19 2025 07:41:46 GMT+0000 (Greenwich Mean Time)"
"868","Hotel Caledonia - A Tribute to The Eagles","The Ferry","Fri Jan 09 2026 20:30:00 GMT+0000 (Greenwich Mean Time)","£15.00","scraper_skiddle","true","Fri Dec 19 2025 07:41:46 GMT+0000 (Greenwich Mean Time)"
"867","Nova Scotia, The Palladiums, Whitney King","Nice N Sleazy","Fri Jan 09 2026 19:30:00 GMT+0000 (Greenwich Mean Time)","£11.00","scraper_skiddle","true","Fri Dec 19 2025 07:41:46 GMT+0000 (Greenwich Mean Time)"
"1041","Zebra Lane Headline","The Old Hairdressers","Fri Jan 09 2026 19:00:00 GMT+0000 (Greenwich Mean Time)","Free","scraper_skiddle","false","Fri Jan 02 2026 22:34:51 GMT+0000 (Greenwich Mean Time)"
"866","Heatseeker AC/DC Tribute","The Bungalow Bar","Fri Jan 09 2026 19:00:00 GMT+0000 (Greenwich Mean Time)","£5.00","scraper_skiddle","true","Fri Dec 19 2025 07:41:46 GMT+0000 (Greenwich Mean Time)"
"978","3 To A Bar","Leith Depot","Thu Jan 08 2026 19:00:00 GMT+0000 (Greenwich Mean Time)","Free","scraper_skiddle","true","Sat Dec 20 2025 22:59:28 GMT+0000 (Greenwich Mean Time)"
"725","3 To A Bar","Leith Depot","Thu Jan 08 2026 19:00:00 GMT+0000 (Greenwich Mean Time)","£10.00","scraper_skiddle","true","Fri Dec 19 2025 07:41:37 GMT+0000 (Greenwich Mean Time)"
"865","The Bungalow Presents: ONES TO WATCH 2026","The Bungalow Bar","Thu Jan 08 2026 19:00:00 GMT+0000 (Greenwich Mean Time)","£8.00","scraper_skiddle","true","Fri Dec 19 2025 07:41:46 GMT+0000 (Greenwich Mean Time)"
"983","3 To A Bar","Leith Depot","Thu Jan 08 2026 19:00:00 GMT+0000 (Greenwich Mean Time)","Free","scraper_skiddle","true","Sat Dec 20 2025 23:17:44 GMT+0000 (Greenwich Mean Time)"
"1011","3 To A Bar","Leith Depot Bar","Thu Jan 08 2026 19:00:00 GMT+0000 (Greenwich Mean Time)","Free","scraper_skiddle","false","Fri Jan 02 2026 22:34:40 GMT+0000 (Greenwich Mean Time)"
"864","Jazz Thursdays - The Noble Public House","The Noble | Public House | Glasgow","Thu Jan 08 2026 18:00:00 GMT+0000 (Greenwich Mean Time)","£10.00","scraper_skiddle","true","Fri Dec 19 2025 07:41:46 GMT+0000 (Greenwich Mean Time)"
"863","Phil Campbell","The Blue Dog","Sun Jan 04 2026 20:00:00 GMT+0000 (Greenwich Mean Time)","£10.00","scraper_skiddle","true","Fri Dec 19 2025 07:41:46 GMT+0000 (Greenwich Mean Time)"
"1040","Paul Gallagher","Bluedog","Sun Jan 04 2026 20:00:00 GMT+0000 (Greenwich Mean Time)","Free","scraper_skiddle","false","Fri Jan 02 2026 22:34:51 GMT+0000 (Greenwich Mean Time)"
"1039","Jack Heavenor Duo","The Blue Dog","Sun Jan 04 2026 17:00:00 GMT+0000 (Greenwich Mean Time)","Free","scraper_skiddle","false","Fri Jan 02 2026 22:34:50 GMT+0000 (Greenwich Mean Time)"
"1038","David Duffy","Bluedog","Sat Jan 03 2026 23:30:00 GMT+0000 (Greenwich Mean Time)","Free","scraper_skiddle","false","Fri Jan 02 2026 22:34:50 GMT+0000 (Greenwich Mean Time)"
"862","Phil Campbell","The Blue Dog","Sat Jan 03 2026 20:00:00 GMT+0000 (Greenwich Mean Time)","£10.00","scraper_skiddle","true","Fri Dec 19 2025 07:41:46 GMT+0000 (Greenwich Mean Time)"
"1037","Jamie McTear","The Blue Dog","Sat Jan 03 2026 20:00:00 GMT+0000 (Greenwich Mean Time)","Free","scraper_skiddle","false","Fri Jan 02 2026 22:34:50 GMT+0000 (Greenwich Mean Time)"
"982","Karnxy Headline","Leith Depot","Sat Jan 03 2026 19:00:00 GMT+0000 (Greenwich Mean Time)","Free","scraper_skiddle","true","Sat Dec 20 2025 23:17:44 GMT+0000 (Greenwich Mean Time)"
"1010","Karnxy Headline","Leith Depot Bar","Sat Jan 03 2026 19:00:00 GMT+0000 (Greenwich Mean Time)","Free","scraper_skiddle","false","Fri Jan 02 2026 22:34:40 GMT+0000 (Greenwich Mean Time)"
"979","Karnxy Headline","Leith Depot","Sat Jan 03 2026 19:00:00 GMT+0000 (Greenwich Mean Time)","Free","scraper_skiddle","true","Sat Dec 20 2025 22:59:28 GMT+0000 (Greenwich Mean Time)"
"1105","Night Oot","THE GRILL","Sat Jan 03 2026 19:00:00 GMT+0000 (Greenwich Mean Time)","Free","scraper_skiddle","false","Fri Jan 02 2026 22:35:04 GMT+0000 (Greenwich Mean Time)"
"973","Karnxy Headline","Leith Depot","Sat Jan 03 2026 19:00:00 GMT+0000 (Greenwich Mean Time)","Free","scraper_skiddle","true","Sat Dec 20 2025 20:56:05 GMT+0000 (Greenwich Mean Time)"
"925","Night Oot","ARTA","Sat Jan 03 2026 19:00:00 GMT+0000 (Greenwich Mean Time)","£10.00","scraper_skiddle","true","Fri Dec 19 2025 07:41:52 GMT+0000 (Greenwich Mean Time)"
"1036","Pablo Jones","Bluedog","Fri Jan 02 2026 23:45:00 GMT+0000 (Greenwich Mean Time)","Free","scraper_skiddle","false","Fri Jan 02 2026 22:34:50 GMT+0000 (Greenwich Mean Time)"
"1035","Off Script Vol 7","Vibes Glasgow","Fri Jan 02 2026 22:00:00 GMT+0000 (Greenwich Mean Time)","Free","scraper_skiddle","false","Fri Jan 02 2026 22:34:50 GMT+0000 (Greenwich Mean Time)"
"1034","Michelle Elii","The Blue Dog","Fri Jan 02 2026 20:00:00 GMT+0000 (Greenwich Mean Time)","Free","scraper_skiddle","false","Fri Jan 02 2026 22:34:50 GMT+0000 (Greenwich Mean Time)"
"861","Jazz Thursdays - The Noble Public House","The Noble | Public House | Glasgow","Thu Jan 01 2026 18:00:00 GMT+0000 (Greenwich Mean Time)","£29.00","scraper_skiddle","true","Fri Dec 19 2025 07:41:46 GMT+0000 (Greenwich Mean Time)"
"860","The Hogmanay Ceilidh","The Ferry","Wed Dec 31 2025 21:00:00 GMT+0000 (Greenwich Mean Time)","£29.00","scraper_skiddle","true","Fri Dec 19 2025 07:41:46 GMT+0000 (Greenwich Mean Time)"
"724","Annasach's Hogmanay Ceilidh","The Counting House (The Ballroom)","Wed Dec 31 2025 20:30:00 GMT+0000 (Greenwich Mean Time)","Free","scraper_skiddle","true","Fri Dec 19 2025 07:41:37 GMT+0000 (Greenwich Mean Time)"
"859","The Bungalow Hogmanay Party","The Bungalow Bar","Wed Dec 31 2025 20:00:00 GMT+0000 (Greenwich Mean Time)","£15.00","scraper_skiddle","true","Fri Dec 19 2025 07:41:46 GMT+0000 (Greenwich Mean Time)"
"855","Hogmanay @ Blackfriars!","Blackfriars Of Bell Street","Wed Dec 31 2025 19:00:00 GMT+0000 (Greenwich Mean Time)","Free","scraper_skiddle","true","Fri Dec 19 2025 07:41:46 GMT+0000 (Greenwich Mean Time)"
"856","I Am A Raver NYE","Princess Bar","Wed Dec 31 2025 19:00:00 GMT+0000 (Greenwich Mean Time)","£8.00","scraper_skiddle","true","Fri Dec 19 2025 07:41:46 GMT+0000 (Greenwich Mean Time)"
"858","Johnny Mac & the Faithful Hogmanay Shindig & much more","Radisson Red","Wed Dec 31 2025 19:00:00 GMT+0000 (Greenwich Mean Time)","£30.00","scraper_skiddle","true","Fri Dec 19 2025 07:41:46 GMT+0000 (Greenwich Mean Time)"
"723","Hogmanay 2025","Dalkeith Miners Club","Wed Dec 31 2025 19:00:00 GMT+0000 (Greenwich Mean Time)","£10.00","scraper_skiddle","true","Fri Dec 19 2025 07:41:37 GMT+0000 (Greenwich Mean Time)"
"857","Drygate's Northern Soul, Motown & Disco Hogmanay Go Go","Drygate","Wed Dec 31 2025 19:00:00 GMT+0000 (Greenwich Mean Time)","£30.00","scraper_skiddle","true","Fri Dec 19 2025 07:41:46 GMT+0000 (Greenwich Mean Time)"
"854","New Year's Fest, Punk Gig at Nice N Sleazy NYE","Nice N Sleazy","Wed Dec 31 2025 18:00:00 GMT+0000 (Greenwich Mean Time)","£6.00","scraper_skiddle","true","Fri Dec 19 2025 07:41:45 GMT+0000 (Greenwich Mean Time)"
"853","Hogmanay at The Drake","The Drake","Wed Dec 31 2025 18:00:00 GMT+0000 (Greenwich Mean Time)","Free","scraper_skiddle","true","Fri Dec 19 2025 07:41:45 GMT+0000 (Greenwich Mean Time)"
"722","Annasach's Ceilidh Countdown to Hogmanay","The Counting House (The Ballroom)","Tue Dec 30 2025 19:30:00 GMT+0000 (Greenwich Mean Time)","Free","scraper_skiddle","true","Fri Dec 19 2025 07:41:37 GMT+0000 (Greenwich Mean Time)"
"852","Open Mic by Michelle Elli","Bluedog","Tue Dec 30 2025 19:30:00 GMT+0000 (Greenwich Mean Time)","£10.00","scraper_skiddle","true","Fri Dec 19 2025 07:41:45 GMT+0000 (Greenwich Mean Time)"
"851","The Scottish Sex Pistols and Combat Rock Ultimate Clash Tribute","The Bungalow Bar","Tue Dec 30 2025 19:00:00 GMT+0000 (Greenwich Mean Time)","£10.00","scraper_skiddle","true","Fri Dec 19 2025 07:41:45 GMT+0000 (Greenwich Mean Time)"
"721","Annasach's Ceilidh Countdown to Hogmanay","The Counting House (The Ballroom)","Mon Dec 29 2025 19:30:00 GMT+0000 (Greenwich Mean Time)","£15.00","scraper_skiddle","true","Fri Dec 19 2025 07:41:36 GMT+0000 (Greenwich Mean Time)"
"850","G4 Christmas","Paisley Town Hall","Mon Dec 29 2025 19:30:00 GMT+0000 (Greenwich Mean Time)","£15.00","scraper_skiddle","true","Fri Dec 19 2025 07:41:45 GMT+0000 (Greenwich Mean Time)"
"849","The Postcards present Twixtmas Special","Stereo, UK","Mon Dec 29 2025 19:00:00 GMT+0000 (Greenwich Mean Time)","£15.00","scraper_skiddle","true","Fri Dec 19 2025 07:41:45 GMT+0000 (Greenwich Mean Time)"
"848","The Springsteen Sessions","The Ferry","Sun Dec 28 2025 20:30:00 GMT+0000 (Greenwich Mean Time)","£15.00","scraper_skiddle","true","Fri Dec 19 2025 07:41:45 GMT+0000 (Greenwich Mean Time)"
"847","Phil Campbell","The Blue Dog","Sun Dec 28 2025 20:00:00 GMT+0000 (Greenwich Mean Time)","£33.50","scraper_skiddle","true","Fri Dec 19 2025 07:41:45 GMT+0000 (Greenwich Mean Time)"
"720","G4 Christmas","The Usher Hall","Sun Dec 28 2025 19:30:00 GMT+0000 (Greenwich Mean Time)","£20.00","scraper_skiddle","true","Fri Dec 19 2025 07:41:36 GMT+0000 (Greenwich Mean Time)"
"900","The Complete stone Roses - Aberdeen","The Lemon Tree","Sun Dec 28 2025 19:00:00 GMT+0000 (Greenwich Mean Time)","£16.00","scraper_skiddle","true","Fri Dec 19 2025 07:41:49 GMT+0000 (Greenwich Mean Time)"
"846","The Vintage Explosion","Barrowland Ballroom","Sun Dec 28 2025 19:00:00 GMT+0000 (Greenwich Mean Time)","£33.50","scraper_skiddle","true","Fri Dec 19 2025 07:41:45 GMT+0000 (Greenwich Mean Time)"
"845","AREA Xmas Party 2025","The Bungalow Bar","Sun Dec 28 2025 18:00:00 GMT+0000 (Greenwich Mean Time)","£6.00","scraper_skiddle","true","Fri Dec 19 2025 07:41:45 GMT+0000 (Greenwich Mean Time)"
"844","The Vibe Collide Jazz Lounge","Bluedog","Sun Dec 28 2025 17:00:00 GMT+0000 (Greenwich Mean Time)","£14.00","scraper_skiddle","true","Fri Dec 19 2025 07:41:45 GMT+0000 (Greenwich Mean Time)"
"719","Afternoon Delight: It's Twixmas!","The Voodoo Rooms","Sun Dec 28 2025 17:00:00 GMT+0000 (Greenwich Mean Time)","£20.00","scraper_skiddle","true","Fri Dec 19 2025 07:41:36 GMT+0000 (Greenwich Mean Time)"
"843","David Duffy","Bluedog","Sat Dec 27 2025 23:30:00 GMT+0000 (Greenwich Mean Time)","£14.00","scraper_skiddle","true","Fri Dec 19 2025 07:41:45 GMT+0000 (Greenwich Mean Time)"
"924","Rezon8 x Impulsive: IMPULZON8","Music Hall Dundee","Sat Dec 27 2025 22:00:00 GMT+0000 (Greenwich Mean Time)","Free","scraper_skiddle","true","Fri Dec 19 2025 07:41:52 GMT+0000 (Greenwich Mean Time)"
"842","A Night of Elvis","The Ferry","Sat Dec 27 2025 20:30:00 GMT+0000 (Greenwich Mean Time)","£14.00","scraper_skiddle","true","Fri Dec 19 2025 07:41:45 GMT+0000 (Greenwich Mean Time)"
"840","Rachelle Rhienne","Bluedog","Sat Dec 27 2025 20:00:00 GMT+0000 (Greenwich Mean Time)","£14.00","scraper_skiddle","true","Fri Dec 19 2025 07:41:45 GMT+0000 (Greenwich Mean Time)"
"718","PorkPie Live plus DJ's Christmas Special at MacArts, Galashiels","MacArts","Sat Dec 27 2025 20:00:00 GMT+0000 (Greenwich Mean Time)","£25.00","scraper_skiddle","true","Fri Dec 19 2025 07:41:36 GMT+0000 (Greenwich Mean Time)"
"841","Mark Black: How Soon is Noël?","McChuills","Sat Dec 27 2025 20:00:00 GMT+0000 (Greenwich Mean Time)","£18.00","scraper_skiddle","true","Fri Dec 19 2025 07:41:45 GMT+0000 (Greenwich Mean Time)"
"838","SCHEMEHING Presents","Audio Glasgow","Sat Dec 27 2025 19:00:00 GMT+0000 (Greenwich Mean Time)","£10.00","scraper_skiddle","true","Fri Dec 19 2025 07:41:45 GMT+0000 (Greenwich Mean Time)"
"837","Hazy Sundays live at Nice n Sleazys","Nice N Sleazy","Sat Dec 27 2025 19:00:00 GMT+0000 (Greenwich Mean Time)","£13.50","scraper_skiddle","true","Fri Dec 19 2025 07:41:45 GMT+0000 (Greenwich Mean Time)"
"839","Stigmata Presents The Ramoaners (Ramones Tribute) Xmas/NYE Party","Ivory Blacks","Sat Dec 27 2025 19:00:00 GMT+0000 (Greenwich Mean Time)","£14.00","scraper_skiddle","true","Fri Dec 19 2025 07:41:45 GMT+0000 (Greenwich Mean Time)"
"899","Motown Brothers - Wayne & Morgan","Cheerz Bar","Sat Dec 27 2025 19:00:00 GMT+0000 (Greenwich Mean Time)","£10.00","scraper_skiddle","true","Fri Dec 19 2025 07:41:49 GMT+0000 (Greenwich Mean Time)"
"836","Iris Headline","Roccos Music Lounge","Sat Dec 27 2025 18:30:00 GMT+0000 (Greenwich Mean Time)","£12.00","scraper_skiddle","true","Fri Dec 19 2025 07:41:45 GMT+0000 (Greenwich Mean Time)"
"835","Christmas Party with SHOUT! Republic of Soul and Bits & Pieces","The Bungalow Bar","Sat Dec 27 2025 18:00:00 GMT+0000 (Greenwich Mean Time)","£8.00","scraper_skiddle","true","Fri Dec 19 2025 07:41:45 GMT+0000 (Greenwich Mean Time)"
"717","DOVV - Christmas Extravaganza","The Windsor, Kirkcaldy","Sat Dec 27 2025 17:00:00 GMT+0000 (Greenwich Mean Time)","£15.00","scraper_skiddle","true","Fri Dec 19 2025 07:41:36 GMT+0000 (Greenwich Mean Time)"
"716","Christmas Brassed Off","The Brasshouse, Dunfermline","Sat Dec 27 2025 17:00:00 GMT+0000 (Greenwich Mean Time)","£10.00","scraper_skiddle","true","Fri Dec 19 2025 07:41:36 GMT+0000 (Greenwich Mean Time)"
"715","ABBA Disco Brunch","Elixir Cocktail Lounge","Sat Dec 27 2025 13:00:00 GMT+0000 (Greenwich Mean Time)","£20.00","scraper_skiddle","true","Fri Dec 19 2025 07:41:36 GMT+0000 (Greenwich Mean Time)"
"714","Bar Top Karaoke Country Brunch","Elixir Cocktail Lounge","Sat Dec 27 2025 12:00:00 GMT+0000 (Greenwich Mean Time)","£20.00","scraper_skiddle","true","Fri Dec 19 2025 07:41:36 GMT+0000 (Greenwich Mean Time)"
"834","Pablo Jones","Bluedog","Fri Dec 26 2025 23:30:00 GMT+0000 (Greenwich Mean Time)","£5.00","scraper_skiddle","true","Fri Dec 19 2025 07:41:44 GMT+0000 (Greenwich Mean Time)"
"923","AHpromotions:THE FINAL FCK IT FRIDAYS","Room360","Fri Dec 26 2025 21:00:00 GMT+0000 (Greenwich Mean Time)","Free","scraper_skiddle","true","Fri Dec 19 2025 07:41:52 GMT+0000 (Greenwich Mean Time)"
"713","Geez Audio Presents // Boxed In @ The Windsor","The Windsor, Kirkcaldy","Fri Dec 26 2025 20:00:00 GMT+0000 (Greenwich Mean Time)","£5.00","scraper_skiddle","true","Fri Dec 19 2025 07:41:36 GMT+0000 (Greenwich Mean Time)"
"981","Geez Audio Presents // Boxed In @ The Windsor","The Windsor, Kirkcaldy","Fri Dec 26 2025 20:00:00 GMT+0000 (Greenwich Mean Time)","Free","scraper_skiddle","true","Sat Dec 20 2025 23:17:44 GMT+0000 (Greenwich Mean Time)"
"712","Friday Faaji Corner","Jessefeild Bowling Club Eh15 1ap","Fri Dec 26 2025 19:00:00 GMT+0000 (Greenwich Mean Time)","Free","scraper_skiddle","true","Fri Dec 19 2025 07:41:36 GMT+0000 (Greenwich Mean Time)"
"711","Foundation Boxing Day","Elixir Cocktail Lounge","Fri Dec 26 2025 16:00:00 GMT+0000 (Greenwich Mean Time)","£8.00","scraper_skiddle","true","Fri Dec 19 2025 07:41:36 GMT+0000 (Greenwich Mean Time)"
"833","Jazz Thursdays - The Noble Public House","The Noble | Public House | Glasgow","Thu Dec 25 2025 18:00:00 GMT+0000 (Greenwich Mean Time)","£10.00","scraper_skiddle","true","Fri Dec 19 2025 07:41:44 GMT+0000 (Greenwich Mean Time)"
"832","Luca Pisanu","The Blue Dog","Wed Dec 24 2025 23:45:00 GMT+0000 (Greenwich Mean Time)","£10.00","scraper_skiddle","true","Fri Dec 19 2025 07:41:44 GMT+0000 (Greenwich Mean Time)"
"831","Henry Durodola","The Blue Dog","Wed Dec 24 2025 21:30:00 GMT+0000 (Greenwich Mean Time)","£10.00","scraper_skiddle","true","Fri Dec 19 2025 07:41:44 GMT+0000 (Greenwich Mean Time)"
"830","Open Mic by Michelle Elli","Bluedog","Tue Dec 23 2025 19:30:00 GMT+0000 (Greenwich Mean Time)","£10.00","scraper_skiddle","true","Fri Dec 19 2025 07:41:44 GMT+0000 (Greenwich Mean Time)"
"829","Stereotone Headline","Nice N Sleazy","Tue Dec 23 2025 19:30:00 GMT+0000 (Greenwich Mean Time)","£10.00","scraper_skiddle","true","Fri Dec 19 2025 07:41:44 GMT+0000 (Greenwich Mean Time)"
"828","King of Birds plus guests Sulidae","The Bungalow Bar","Tue Dec 23 2025 19:00:00 GMT+0000 (Greenwich Mean Time)","£10.00","scraper_skiddle","true","Fri Dec 19 2025 07:41:44 GMT+0000 (Greenwich Mean Time)"
"827","Eagerman","The Old Hairdressers","Mon Dec 22 2025 19:00:00 GMT+0000 (Greenwich Mean Time)","£7.00","scraper_skiddle","true","Fri Dec 19 2025 07:41:44 GMT+0000 (Greenwich Mean Time)"
"898","Elephant Sessions","Aberdeen Music Hall","Mon Dec 22 2025 19:00:00 GMT+0000 (Greenwich Mean Time)","£27.50","scraper_skiddle","true","Fri Dec 19 2025 07:41:49 GMT+0000 (Greenwich Mean Time)"
"826","Phil Campbell","The Blue Dog","Sun Dec 21 2025 20:00:00 GMT+0000 (Greenwich Mean Time)","£12.00","scraper_skiddle","true","Fri Dec 19 2025 07:41:44 GMT+0000 (Greenwich Mean Time)"
"897","Vivaldi Four Seasons at Christmas by Candlelight","Fountainhall Church At The Cross","Sun Dec 21 2025 20:00:00 GMT+0000 (Greenwich Mean Time)","£20.00","scraper_skiddle","true","Fri Dec 19 2025 07:41:49 GMT+0000 (Greenwich Mean Time)"
"996","Stripe test payment","Leith Depot","Sun Dec 21 2025 19:00:00 GMT+0000 (Greenwich Mean Time)","£1.00","user_377unFgElESPkgwUjcSLxSEm3F6","true","Sun Dec 21 2025 00:39:17 GMT+0000 (Greenwich Mean Time)"
"825","Class Of '79","The Bungalow Bar","Sun Dec 21 2025 19:00:00 GMT+0000 (Greenwich Mean Time)","£12.00","scraper_skiddle","true","Fri Dec 19 2025 07:41:44 GMT+0000 (Greenwich Mean Time)"
"896","Moonlight Sonata at Christmas by Candlelight","Fountainhall Church At The Cross","Sun Dec 21 2025 18:00:00 GMT+0000 (Greenwich Mean Time)","£19.00","scraper_skiddle","true","Fri Dec 19 2025 07:41:49 GMT+0000 (Greenwich Mean Time)"
"710","Rhythm & Revolution : SunRedSun and Friends","People's Leisure Club","Sun Dec 21 2025 17:00:00 GMT+0000 (Greenwich Mean Time)","£10.00","scraper_skiddle","true","Fri Dec 19 2025 07:41:36 GMT+0000 (Greenwich Mean Time)"
"824","Henry Durodola","The Blue Dog","Sun Dec 21 2025 17:00:00 GMT+0000 (Greenwich Mean Time)","£15.00","scraper_skiddle","true","Fri Dec 19 2025 07:41:44 GMT+0000 (Greenwich Mean Time)"
"823","Brunch Christmas Party","The Ferry","Sun Dec 21 2025 14:30:00 GMT+0000 (Greenwich Mean Time)","£15.00","scraper_skiddle","true","Fri Dec 19 2025 07:41:44 GMT+0000 (Greenwich Mean Time)"
"822","The Santa Clause Screening With Host Ernie The Elf","The Bungalow Bar","Sun Dec 21 2025 11:00:00 GMT+0000 (Greenwich Mean Time)","£3.00","scraper_skiddle","true","Fri Dec 19 2025 07:41:44 GMT+0000 (Greenwich Mean Time)"
"821","Pablo Jones","Bluedog","Sat Dec 20 2025 23:30:00 GMT+0000 (Greenwich Mean Time)","£8.00","scraper_skiddle","true","Fri Dec 19 2025 07:41:44 GMT+0000 (Greenwich Mean Time)"
"922","AHpromotions:KRUELTY takeover","Beat Generator","Sat Dec 20 2025 21:00:00 GMT+0000 (Greenwich Mean Time)","£19.50","scraper_skiddle","true","Fri Dec 19 2025 07:41:51 GMT+0000 (Greenwich Mean Time)"
"709","Vivaldi Four Seasons at Christmas by Candlelight","St Giles Cathedral","Sat Dec 20 2025 20:00:00 GMT+0000 (Greenwich Mean Time)","£15.00","scraper_skiddle","true","Fri Dec 19 2025 07:41:36 GMT+0000 (Greenwich Mean Time)"
"820","Phil Campbell","The Blue Dog","Sat Dec 20 2025 20:00:00 GMT+0000 (Greenwich Mean Time)","£8.00","scraper_skiddle","true","Fri Dec 19 2025 07:41:44 GMT+0000 (Greenwich Mean Time)"
"818","Vivaldi Four Seasons at Christmas by Candlelight","Glasgow Cathedral","Sat Dec 20 2025 19:30:00 GMT+0000 (Greenwich Mean Time)","£20.00","scraper_skiddle","true","Fri Dec 19 2025 07:41:44 GMT+0000 (Greenwich Mean Time)"
"708","Stormchaser","Sneaky Pete's","Sat Dec 20 2025 19:30:00 GMT+0000 (Greenwich Mean Time)","£8.00","scraper_skiddle","true","Fri Dec 19 2025 07:41:36 GMT+0000 (Greenwich Mean Time)"
"819","Oran Ra Presents The Travellers Live | Support from David Moore","1990","Sat Dec 20 2025 19:30:00 GMT+0000 (Greenwich Mean Time)","£10.00","scraper_skiddle","true","Fri Dec 19 2025 07:41:44 GMT+0000 (Greenwich Mean Time)"
"815","Rosie Alice","SWG3 Poetry Club","Sat Dec 20 2025 19:00:00 GMT+0000 (Greenwich Mean Time)","£12.50","scraper_skiddle","true","Fri Dec 19 2025 07:41:44 GMT+0000 (Greenwich Mean Time)"
"817","Deacon Blues","The Bungalow Bar","Sat Dec 20 2025 19:00:00 GMT+0000 (Greenwich Mean Time)","£14.00","scraper_skiddle","true","Fri Dec 19 2025 07:41:44 GMT+0000 (Greenwich Mean Time)"
"921","PorkPie Live plus DJ's at The Music Hall (The Church), Dundee","Church Dundee","Sat Dec 20 2025 19:00:00 GMT+0000 (Greenwich Mean Time)","£25.00","scraper_skiddle","true","Fri Dec 19 2025 07:41:51 GMT+0000 (Greenwich Mean Time)"
"707","The Terrace Presents Westlive","The Terrace Falkirk","Sat Dec 20 2025 19:00:00 GMT+0000 (Greenwich Mean Time)","£7.00","scraper_skiddle","true","Fri Dec 19 2025 07:41:36 GMT+0000 (Greenwich Mean Time)"
"816","My Status is Quo live at Crossford hall South Lanarkshire","Crossford Village Hall South Lanarkshire","Sat Dec 20 2025 19:00:00 GMT+0000 (Greenwich Mean Time)","£8.00","scraper_skiddle","true","Fri Dec 19 2025 07:41:44 GMT+0000 (Greenwich Mean Time)"
"814","Static Sky w/Angel Eyes, Polaroid & Right By Mexico","Roccos Music Lounge","Sat Dec 20 2025 18:30:00 GMT+0000 (Greenwich Mean Time)","£12.00","scraper_skiddle","true","Fri Dec 19 2025 07:41:43 GMT+0000 (Greenwich Mean Time)"
"706","Moonlight Sonata at Christmas by Candlelight","St Giles Cathedral","Sat Dec 20 2025 18:15:00 GMT+0000 (Greenwich Mean Time)","£15.00","scraper_skiddle","true","Fri Dec 19 2025 07:41:36 GMT+0000 (Greenwich Mean Time)"
"812","Vivaldi Four Seasons at Christmas by Candlelight (5pm)","Glasgow Cathedral","Sat Dec 20 2025 17:00:00 GMT+0000 (Greenwich Mean Time)","£20.00","scraper_skiddle","true","Fri Dec 19 2025 07:41:43 GMT+0000 (Greenwich Mean Time)"
"813","Definitely Oasis - Glasgow","O2 Academy","Sat Dec 20 2025 17:00:00 GMT+0000 (Greenwich Mean Time)","Free","scraper_skiddle","true","Fri Dec 19 2025 07:41:43 GMT+0000 (Greenwich Mean Time)"
"811","Xmas Jam Pot @ the Barras","Barras Art And Design (BAaD)","Sat Dec 20 2025 16:00:00 GMT+0000 (Greenwich Mean Time)","£15.00","scraper_skiddle","true","Fri Dec 19 2025 07:41:43 GMT+0000 (Greenwich Mean Time)"
"705","Breakfast With Santa","Elixir Cocktail Lounge","Sat Dec 20 2025 11:00:00 GMT+0000 (Greenwich Mean Time)","£15.00","scraper_skiddle","true","Fri Dec 19 2025 07:41:36 GMT+0000 (Greenwich Mean Time)"
"810","David Duffy","Bluedog","Fri Dec 19 2025 23:30:00 GMT+0000 (Greenwich Mean Time)","£5.00","scraper_skiddle","true","Fri Dec 19 2025 07:41:43 GMT+0000 (Greenwich Mean Time)"
"809","Off Script vol.6 (Goodbye 25 Edition)","Vibes Glasgow","Fri Dec 19 2025 21:45:00 GMT+0000 (Greenwich Mean Time)","£5.00","scraper_skiddle","true","Fri Dec 19 2025 07:41:43 GMT+0000 (Greenwich Mean Time)"
"704","Idle Minds","Bannermans Edinburgh","Fri Dec 19 2025 19:30:00 GMT+0000 (Greenwich Mean Time)","£5.00","scraper_skiddle","true","Fri Dec 19 2025 07:41:36 GMT+0000 (Greenwich Mean Time)"
"703","The Monsters of Rock - Alive in 2025 (Bannermans Bar- Edinburgh)","Bannermans Edinburgh","Fri Dec 19 2025 19:30:00 GMT+0000 (Greenwich Mean Time)","£15.00","scraper_skiddle","true","Fri Dec 19 2025 07:41:36 GMT+0000 (Greenwich Mean Time)"
"963","Idle Minds","The Monarch Bar","Fri Dec 19 2025 19:30:00 GMT+0000 (Greenwich Mean Time)","Free","scraper_skiddle","true","Fri Dec 19 2025 21:41:52 GMT+0000 (Greenwich Mean Time)"
"808","Absolute Weller Christmas Show","The Bungalow Bar","Fri Dec 19 2025 19:00:00 GMT+0000 (Greenwich Mean Time)","£10.00","scraper_skiddle","true","Fri Dec 19 2025 07:41:43 GMT+0000 (Greenwich Mean Time)"
"806","Raidax Live @ AUDIO, Glasgow | 19/12/25","Audio Glasgow","Fri Dec 19 2025 19:00:00 GMT+0000 (Greenwich Mean Time)","£10.00","scraper_skiddle","true","Fri Dec 19 2025 07:41:43 GMT+0000 (Greenwich Mean Time)"
"702","Stallion Live At 'The Mash House'","The Mash House","Fri Dec 19 2025 19:00:00 GMT+0000 (Greenwich Mean Time)","£13.00","scraper_skiddle","true","Fri Dec 19 2025 07:41:36 GMT+0000 (Greenwich Mean Time)"
"807","The Music of Harry Potter by Mystery Ensemble","Destiny Church","Fri Dec 19 2025 19:00:00 GMT+0000 (Greenwich Mean Time)","£18.00","scraper_skiddle","true","Fri Dec 19 2025 07:41:43 GMT+0000 (Greenwich Mean Time)"
"805","Rowan Mcvicar w/Klozer, Reign & The Good Trips","Roccos Music Lounge","Fri Dec 19 2025 18:30:00 GMT+0000 (Greenwich Mean Time)","£12.00","scraper_skiddle","true","Fri Dec 19 2025 07:41:43 GMT+0000 (Greenwich Mean Time)"
"804","Iris Headline Live at Roccos","Roccos Music Lounge","Fri Dec 19 2025 18:30:00 GMT+0000 (Greenwich Mean Time)","£12.00","scraper_skiddle","true","Fri Dec 19 2025 07:41:43 GMT+0000 (Greenwich Mean Time)"
"803","Christmas Party Lunch","The Ferry","Fri Dec 19 2025 12:00:00 GMT+0000 (Greenwich Mean Time)","Free","scraper_skiddle","true","Fri Dec 19 2025 07:41:43 GMT+0000 (Greenwich Mean Time)"
"802","Festive Abba Tribute Lunch","ARTA","Fri Dec 19 2025 01:30:00 GMT+0000 (Greenwich Mean Time)","Free","scraper_skiddle","true","Fri Dec 19 2025 07:41:43 GMT+0000 (Greenwich Mean Time)"